id,predicted_flashiness
wQv7m1i2Ljo,0.33843013644218445
oK57P_9wcww,0.09123757481575012
3CKQlU1wSxk,-0.3618089556694031
pKX5GWKgsCM,-1.2513182163238525
oCbUdblJq74,1.4530107975006104
XojWbdZRrL4,-0.06519058346748352
FvJSvk4XG_g,-1.0473130941390991
uZVYqv6rU_4,0.7639269232749939
J_QBw-Cz9Gc,-0.7655919194221497
cRuPO1mDGP0,0.06823590397834778
au0FF-o2Z1Q,0.1692788004875183
7TUhxRiHmb0,0.23647628724575043
QipC4BAc3A0,0.10110218822956085
cH3pJXYrVc4,0.14584915339946747
F-dpBu3a0tM,1.2002114057540894
jP_7NBZ-BwY,-0.7754418253898621
YsB85H-aQGk,-0.3564465045928955
pgjoEERZ6IQ,-0.4065146744251251
IJF8ZIBhr2w,0.523326575756073
paH2aqXWkic,0.05099004507064819
b00FLXQr5MM,-0.06613895297050476
_M4BlAn7viM,-0.22281193733215332
z-c7lqtHmjk,-0.71983402967453
kcaJw8HcT-U,-0.20097795128822327
a-Pi_-eA8EE,0.6821444034576416
WfxQuD9weWM,0.2734527587890625
7sbAq7rpq5E,-0.40052929520606995
JEEyW5uwWx8,-0.07929296791553497
BB_Jhc9TotI,1.2415573596954346
UQg7_gP4084,-0.3632819652557373
VxHkiYhJdcU,-0.1397886723279953
qF_QU97Wz4M,0.8495994210243225
SwRsoUKy5SY,-0.8743234872817993
kjFYGSK6q2Y,0.7010933756828308
Y6CbkVTgzzk,0.32832634449005127
q0_nZ0Et2bU,0.3186112940311432
Hq0okpqawJE,0.0021538585424423218
-xdPeNrUDrs,-1.5425387620925903
nzHTCcfbZ5E,-1.2867746353149414
MIArTUZFxMk,-1.0392738580703735
464TypAEYR4,-0.2849448025226593
kp6piyqchJE,-0.06319229304790497
iWQV9pizhH8,-0.22519227862358093
4DdolxNPyHU,0.5164458155632019
CEWdMUD9WkY,0.1970207691192627
5QOxjvblQ2c,-0.21272972226142883
FS0l572mvNc,-0.45108526945114136
OdD8dLkEOAU,0.18468821048736572
6iSn3P1BjWs,0.3738580048084259
xTlUa-l8zBw,0.07093310356140137
sKj16pAxErI,-0.377956360578537
0V-kzbLeLQA,-0.2690311670303345
gnfqy4Y2ODI,0.20302893221378326
oYdj4YG9qSE,-0.37759947776794434
I1eSA0Fn_lI,-0.5259403586387634
xwVDXZyOBi8,0.9584041237831116
_r5ClZRxT3U,-0.7873143553733826
RWoojc_xJiM,-0.37343689799308777
4blRq2AgKY8,-1.6357946395874023
ezQT0VZteXY,-0.3467344045639038
oJb5Q-xaOF4,0.7958122491836548
1sG3JhrcxzE,-0.25687143206596375
BfYLwIYmm-M,0.5408609509468079
lHWhTX1kDZQ,0.17948105931282043
qV_ZEMtK6Ms,0.22627252340316772
Nt18kJbTxis,-0.8891140222549438
FaV4p6LTvgA,0.6451640129089355
PfNBaD4f3WI,-1.4691733121871948
adCu-hhjCsE,-0.24233877658843994
xL-VV_Y-OaE,0.3861415982246399
p7LpDibYoDQ,1.6979951858520508
uCxu03AqYic,-0.4737860858440399
wOmD7xEdZs0,-0.668165385723114
eNcC3s8jtkQ,1.255599021911621
ZTQ98UnIKTk,1.3757123947143555
Rm6Z9t72ay4,0.3625437915325165
wTT9VQ08nMc,-0.9926283955574036
g3Yqgs--dUA,0.2625255882740021
ZTJe-_qJSJc,-0.15316759049892426
CH9TqmaD3Uw,-0.05312633141875267
CPg6-svLHiA,-0.026134934276342392
-daZSCX7d_U,-0.2725204825401306
l21d9O5VEYg,0.6099221706390381
AVW9Eh2hZh4,-0.10785616934299469
eDCoQlLlcWY,0.3812147378921509
1N25e4Ss34Q,0.4817301332950592
uAl6erIFir4,-0.037447866052389145
XoaRN4bhfkA,0.17561127245426178
f7hJzj3Yan4,-0.11350680887699127
Jmfg0Ni4M7k,0.2453744262456894
JMdAR5cVlRI,-0.7590259313583374
kKDWghzeGzQ,0.4628562033176422
dzjYNfUesAM,0.32204464077949524
WuiYbccQROA,-0.0035497546195983887
qaJeMdATGr8,0.22929930686950684
8yIbPsVLECg,0.18045207858085632
zQe0iH_dz1E,-0.25193899869918823
roGOEB_663A,0.5496423244476318
V6hJL2FRX24,0.31653133034706116
jizyi83ph20,-0.5724517703056335
jSkh3FQfVxw,-0.10393431782722473
rYOlOFGaVPE,-0.5403703451156616
oKLbVGNpi4Y,0.5137296319007874
JhrjAh8ja9M,-0.937814474105835
BSTRvmWA7QI,-0.5396049618721008
Et734uU7qH8,0.289691686630249
s-ajfRVo_O4,0.025559548288583755
himj_DrX9vQ,0.812340497970581
N7ozQ9eBbR4,1.019577980041504
Z0Yb5EXqc94,-0.5826718807220459
djLJ4jc6FGY,-0.5266838073730469
8VAqqvSFb0U,2.2869622707366943
M3QONX1jodU,0.778934121131897
nXrhUfTkDfQ,-1.1099276542663574
kZMJpIVvLh4,-0.15763461589813232
XDArn6rcz70,-0.35462260246276855
49ITvCIl9K0,-0.5208375453948975
JOP-_8TFWn8,-0.40747836232185364
uyBX1tPez5I,-0.4647524058818817
y8dNRu93IE8,-0.8097454309463501
jXRBszRJ5pU,-0.8001831769943237
Urwn-6Pu9Js,0.6630964875221252
gNLU74uzesQ,-0.0025009475648403168
9K5cc2gv3Dk,-2.005685567855835
KbWB7I6UEeE,0.1438307762145996
4F6kDey1wxs,-0.3975434899330139
UTqiPLhVKuI,-0.4872964322566986
xwB4SSabMoA,-1.0200010538101196
zfUNFmvKb4w,-1.4327982664108276
Qu8FFbz_64g,0.06089330092072487
LsPI8I9mPak,1.462852954864502
xJFwZYQ7HSQ,0.5106162428855896
o3K5mP3jSN0,0.2756804823875427
6eYOZNjUqp4,0.1869906634092331
_OO7NhT9PsQ,0.20990243554115295
-k5hwJ3fxA4,0.4163621664047241
eEOba0FcTPo,-0.21472930908203125
OJ_K9EljDw0,1.269670009613037
JX9-9YfU8Pk,-0.07181483507156372
C_zsuiNJDbw,0.4279594421386719
rY15CXykMUI,-0.7885757684707642
n0bIZ_n_C-Q,-0.4672327935695648
MrJjGN3O__Y,-0.4900239408016205
Fj4jvm1UfFg,-1.5061784982681274
i8n8TlSqSv4,-0.4046395421028137
rFurd575zE8,-0.14855682849884033
lVVXCAeKVaE,-0.6225811839103699
-5cvOGIezgc,-0.08696262538433075
56ZGxPXdHso,-0.29991522431373596
3ETtCIfI3NU,0.33101600408554077
QpyKAFbh6W8,-0.9635936617851257
DDFvkcbMnhc,-0.20310339331626892
yrDp9WmzqpQ,0.3066185712814331
EZ6d5x83k8s,0.03160180151462555
RdMJ80AcP8g,0.009056352078914642
B1z_VcaPCNY,0.2378021627664566
qbCEUs7m3TM,0.21810787916183472
nhxp-3wnfr0,-0.06434153020381927
V3QjFbwbb74,0.6397931575775146
8x7V9JQw76M,0.4403948187828064
Je_SczRIZYM,0.31937751173973083
I0ihOFusD6k,-0.3868646025657654
yYub6yiBWXI,-0.28710630536079407
ta9To-tNEPo,0.8284379243850708
joBE2NjtjQ0,-1.082080364227295
8ZhGz_R7AkE,0.12304195761680603
tkfhmM_OlCo,0.7966487407684326
HUZM-JZKQVs,0.48695361614227295
IqarVHF3Ce0,-0.30888688564300537
qO6KG0scbnc,0.6406612396240234
pK0CBbL_8bQ,-0.36740684509277344
PR4ANn-r9nY,-0.535225510597229
LpTfq64Doqg,-0.6032373905181885
G1jd1z3FQTs,-0.17363975942134857
nbFGYpQ1-Ns,0.11240220069885254
nKB2MGAXc1Y,1.5089325904846191
k75c0aSsHBk,-0.33221423625946045
G1YCoOWrqEI,-1.1469171047210693
TAcY5ob2UnE,0.016871269792318344
hPHGpOrNT_A,0.3449194133281708
G1g3zI8Xahw,0.355181485414505
UVc6KgpZa2M,-0.5103148221969604
2O2tLkNnFEA,-0.06936812400817871
swDjZeKk4TE,-0.7124246954917908
_3LohaOEN4U,-1.6469717025756836
k6TP5rlvIno,0.4814085364341736
1EmOpzMisy0,0.8656430840492249
NdW03mVluoY,0.0790761411190033
OkOiBpfPxpo,0.386558473110199
miYkfX-xsyc,0.43902966380119324
NT1n2yb9ANo,0.13333894312381744
sgDsYF8hnQU,-1.4836127758026123
c53fGdK84rc,0.19437181949615479
kXnkIjr5p8g,0.8708164691925049
zC1HrLSdQNE,1.5917513370513916
-e0Wl0tXO9Q,-0.43919476866722107
ZmWMwR6rmOY,0.12267117202281952
5Q964At-1Eo,-0.19166551530361176
DeaETYIGb30,-0.12417016923427582
vGaLhYKaCgQ,0.7540238499641418
UyRODPEEa_A,0.2530568242073059
m6HwP2bfuNY,0.15161992609500885
rTnpp0dfaRE,-0.4892350137233734
oNePOOLv-ew,-0.17900115251541138
uQoQWMFGW6Y,0.8452408909797668
c0DjpKhUf6s,-0.16797983646392822
7AhCk30Oob8,-0.28310197591781616
_APXtA0x_yk,-0.36106085777282715
DI-DKX7j1tI,-1.0922281742095947
u-iUdQJe3Og,-0.4475470185279846
S79ATLR-SSw,0.02227293699979782
IOlEV9EtXvQ,-0.18940478563308716
sI1T0tyO19c,-0.16580830514431
CDomrIx8Pgo,-1.6204975843429565
tN4ShzUOpSA,0.3583410382270813
JjLtWSopmAs,-0.1906251162290573
ocAIeZQ-IMw,-0.02832910791039467
1hCMiyG_ZcU,1.0503435134887695
0peUQ_dAWK4,-0.3077756464481354
ea8UIubrEE8,0.15151739120483398
XjMi-Ldz820,0.5673611760139465
Zu99qv24FN8,-0.20842957496643066
wTykeyqULos,-0.043728601187467575
g1B1jeqetHs,-0.5726831555366516
NU3iFkNXwb8,-0.09986484050750732
fAp2iw0QEI4,-0.2437916100025177
EYQkrwSwztQ,-0.21149921417236328
Hu5PuYd18e0,0.001010604202747345
8hOh2x7UnL4,0.36390385031700134
7GQT8oAV6ok,0.5772933959960938
rP_VYWM9sfM,-0.21279114484786987
mNVhXQgabGQ,0.5185929536819458
PjB072pgtkA,0.042432159185409546
HMdsEij7S2Q,0.2133171558380127
CQrwlY4x61A,0.04643597826361656
3pUgwD5NO5w,-1.0350056886672974
ESYHGtxE39c,-0.356923907995224
YEmgZTMJmig,-1.1459031105041504
qMa09O9p6RY,-0.06543871760368347
ZzvusYJFg0U,0.22924916446208954
-W-0BtiB92s,0.463933527469635
ky12Uj6JGnU,-0.7324740290641785
klvS7G40YHo,0.17467127740383148
BCbHNNoYOnQ,-0.5738880634307861
bSyy6_Sc8WQ,-0.510082483291626
pTtJSUcC3g8,0.4072807729244232
rmEvcbvCcow,-0.8317777514457703
IJ2Qc9QOXik,-0.5149356126785278
HFNtQ9HfKJc,-1.2225388288497925
sv0h1UkI-AQ,-0.09013460576534271
0TIaz41YDPs,0.1781645566225052
btxdcqLOGuc,-0.3643154203891754
HZsislmxtyU,0.39105433225631714
ZEXtHs9UjvM,-0.014866020530462265
Vov26Pm9q84,1.1828938722610474
-_1R2SEQ0y4,0.7135132551193237
fxR7SlQmivY,-0.22323289513587952
FA4tVY8-L3U,-1.3042491674423218
BSYAPKgcgj0,0.5074922442436218
mX_j_IicSvI,0.1491202414035797
5FvQrU3aFLA,-0.1162203848361969
77vQylsCTIA,0.2816627025604248
hbfi7DdU4kY,0.5177468657493591
WWJKfhdwBlc,-0.1837347447872162
T-UN8J70x_I,-0.7916939854621887
8wrIzkyVN80,0.387960821390152
AtO5TlGWX9U,-0.413980633020401
VTCjODmJE50,-0.43984082341194153
Xdx4h5tGdwI,0.383425235748291
ArqoaJq3fXU,-0.35413631796836853
KnnDwcOVkHE,0.08485537767410278
GZztR8cS3kI,0.9745094180107117
0FJ1ja7RTlU,-0.024104047566652298
6zLCOC2OI-E,0.48388671875
DoLKVN_--Uw,-0.448335200548172
IbalHYPtmU8,-0.8319903612136841
LQJsqY6NiAs,-0.3969710171222687
poihM7VcGpA,-0.34148308634757996
g3hWskp0ZUk,-1.2040433883666992
bREv_xQ4kpM,-0.38133659958839417
yO5MeJqlhqk,0.009891819208860397
ohgym47P3Ws,0.038534533232450485
3r0prJV5y8s,-0.3957173228263855
xRnWPdFfz7M,-0.14403174817562103
x6Y6Z_CfAwo,0.08754445612430573
3EfZs9p8CV4,-0.8569430112838745
oDm7UHaGN04,0.22409939765930176
O_6RGAhZYrs,-0.03111211583018303
NwYHUwcb9jw,0.734171450138092
2d6ldfKH7Qc,-0.08192230761051178
ILOcbCUIQ8E,-0.8589111566543579
4rV-q1tVifM,-0.07781654596328735
Ud3mE8fCrqM,-0.34323856234550476
DxZ53JaAuUU,1.275442123413086
Cgkq0yRK4XA,1.2841330766677856
l5FUVjbccJ4,0.3848622739315033
FRbqhkDlTjo,-1.1522423028945923
rqalzKqCROE,-0.3751499056816101
XWR6bugSLDM,-1.053426742553711
J8fdPGb5PWA,0.20979838073253632
ca2t0IxuNKs,0.2641800343990326
TvXlNXY0bg8,-0.05614553764462471
t3jkBVDdlwY,0.049216944724321365
xIS-EZkv-ms,0.6524800658226013
0vidDTxjTmI,-0.19434106349945068
eBnAXYco5a4,-0.32558611035346985
KATtnZSuKzM,1.3942060470581055
RNqOBNFCzoM,-0.01840865984559059
2D8GDRZxd3o,-0.13998283445835114
LkFAAHJ8jzc,-0.7474124431610107
iL8wYlPrsnQ,-0.0856119841337204
wv6pVIjIzcY,0.06917636096477509
OW_dtePUFrM,0.6310277581214905
ir0SU5Bl-70,-0.1330726444721222
aXSUfacsGSE,-0.5818374156951904
24NTK9meTU8,-0.5549296736717224
augBci6Gic4,-0.8631224036216736
1B6_aiw82h0,0.1646236777305603
-w9Ybs_E27E,-0.7308420538902283
7-VyigVIOrw,-0.02017896994948387
-3RrV3vXdis,0.37026283144950867
CeloPsVCZ3A,0.6180923581123352
xYyjhbfk4bQ,-0.20510873198509216
K-gPD00ksxQ,-0.5057063698768616
9GdElXgyO-o,0.087898388504982
MrrMDmA4MRI,0.610332190990448
m9gw0gHN8sg,0.14065280556678772
_tRbXJqYtq4,-1.0542327165603638
4Nk15golWGg,-0.7173362374305725
eXgCt-CrS70,0.5962870717048645
Lsrl5fyJNKM,0.5575926303863525
F6J_0ffBCEY,-0.4772147238254547
e2hZZKKuR_c,-0.1450873613357544
_FFUX8MygnU,0.2539564073085785
-I9GmNlzbK4,0.5840425491333008
uYvpv8Ux40g,1.3487430810928345
Lkp0CxdLLwA,-0.6400272250175476
TDmL5ppl6Ts,0.317239373922348
Corlnf_Q4OU,-0.5461224913597107
kWqgdfjQZHI,-0.23746851086616516
fVhd2MjA9fQ,0.05724222585558891
FN8VU74ym9k,-0.10650667548179626
lA0sSJwN-s0,-1.5118705034255981
Pk-zRcXl6Yk,0.054370805621147156
xC5wmm036KA,-0.32967159152030945
q81sL4pEykI,1.6743552684783936
AWQQX5LeguM,-0.22451093792915344
w10jbXSpKE0,-0.7825303673744202
vfvSngRq0II,-0.8688536286354065
ke1KvNuieMQ,-0.6313177347183228
DFZvwLJbb2g,0.4523320496082306
pBAQa4agPyU,-0.45170077681541443
VwVPaFXIoM8,-0.0035841166973114014
qm-En9djLCE,-0.8929243683815002
FR4AQetma2o,0.8163222670555115
vJEFryG8tew,-0.3761361837387085
TFK3cMhF8A8,-0.052224304527044296
veCiPl5sPKA,0.054467156529426575
Pgw5Pq89KBI,-0.49922969937324524
yEPYUhS-fBg,-0.46643444895744324
a7p0kS1jLPI,0.5994645357131958
6Nvuse1e0lo,0.09957164525985718
TTzzJPgaEuM,-1.1298788785934448
tHlqNyQljc0,-1.5965795516967773
AfQAE-MwB0M,0.9933909177780151
OVyeFf_2MZY,0.19606173038482666
nj5Gq3wIDpo,1.2401586771011353
EDriMG65HAY,0.6507602334022522
-wEOUb1RkF0,-0.38807475566864014
mJIhZdVmtk4,-0.14360807836055756
fs4jpfKmm0A,0.30929499864578247
tzuAGcX4sZk,0.18369214236736298
OHlV0ZrqeYU,-0.2765504717826843
qvSSgyDKMhI,-0.9003069996833801
yt1vM1S1Oow,-0.5120787024497986
mEerEUQkVoU,0.512641429901123
RITcWleyr94,-0.2327127754688263
Bjo0POoRdqA,0.6945303082466125
FpLuhtScIAw,0.9032220840454102
MGtrL19aafQ,-1.275130033493042
PbNIAYOyi6U,1.0749108791351318
P0THBmot9qs,0.38979819416999817
dnBUw5u3rsc,-0.36731934547424316
wOHvVr4PvUk,0.11010956764221191
oSOGH0RMS5M,-0.42483124136924744
MSz10bIOa0o,-0.6231814026832581
cugxoJX0Gh8,-0.3625357449054718
YbnYeI-Royc,-0.9348707795143127
WiIRX83kpHo,-0.5622754096984863
60LR7ZtU0q4,-0.5002931952476501
b0hGP6tdpeQ,0.5821236968040466
3wy8ELPKrjo,0.4258264899253845
T2sOf38ibDk,0.3498281240463257
6qfpb8qllG4,-0.21899887919425964
Uqorj18HirA,0.8314745426177979
D8aH5KeiEGI,0.07764901220798492
qUjH74tmPPs,-0.4801841676235199
_Fq8FjW7h3A,1.2812519073486328
u0XkRCm-ZZU,-2.371856689453125
ZK6vCRhUiXk,-1.1244622468948364
9JK8cY1-UOY,0.06553833931684494
2nFvxH3DYVU,-1.7154744863510132
_C3ogxQlwNU,0.8513473272323608
t4l-ItVoS7o,0.6234148740768433
skhytWyTXfY,-0.04121977463364601
HgF-vc6SJM4,-0.04243968054652214
6JKHDo25NzA,0.1543165147304535
ZDPKoVfc3AE,-0.8532018065452576
mMZbig5t8Ug,0.318864107131958
qvH6ZB4tRzU,0.002634391188621521
05-CLtrWn38,0.4264345169067383
OhAWf0WyJGM,0.4220067858695984
Cm-K8uQchMQ,-0.518661618232727
rD1YNPNbu8U,0.5284116268157959
II3bE9nA5Z4,-0.3802132308483124
gjYzpDb9vXU,-0.7088233232498169
8T3kKj0wp_o,1.1280345916748047
tACFOmmVIKY,-1.15916907787323
BGAkryNHl60,0.5428254008293152
MH271dphvGI,-0.22823601961135864
1LatypsWFRo,-0.372391015291214
4BS18ahz6QE,0.8945828676223755
pAashxtzSqI,0.49371305108070374
MZjtQPsxlg8,-0.6107386946678162
gARb72maBZ8,-0.6415559649467468
exp2yKeEHGU,0.44716382026672363
N-P7vTHRXpY,-1.0613036155700684
mHq7teKemLk,0.7539776563644409
tZIOlcCjRZQ,-0.18612849712371826
dpr3tzESWjM,-0.09431655704975128
O7i5hGmhrbI,-0.19566504657268524
WrUxldgbSD4,-0.8304458260536194
uWdtTHOLamo,0.7107343673706055
jXgT84WwJBI,-5.839207172393799
beiX5dDfTaY,-0.4086809754371643
PpsVke7nsYs,-0.9949752688407898
TGU2P-d-P30,-0.35009050369262695
lVT-5MgsH4Q,-0.16249534487724304
Rwi8x4JOlO4,-0.003946948796510696
joLNRMcKVB4,-0.8691075444221497
A2gv18Py3Fk,0.0034803226590156555
VO-0KGhfj7U,-0.3474304676055908
lDA7PQP0jCE,-0.09528897702693939
uw52SAhjmXw,-0.04956142231822014
G4m65TkVPs8,0.12367628514766693
bHCXQ2W5FYQ,0.3386412560939789
lBdsvNhduuI,1.9436638355255127
bvx5hq10seY,-0.0967654138803482
nnlKvaOg95o,1.2659965753555298
_m7aC-cxY0s,0.5904523730278015
OAji8DILjFs,-0.207292377948761
4KkAO7tGX9k,0.09534705430269241
QVLIvmMlZoQ,-0.0485805906355381
ZasEPDNQyOE,-0.09998664259910583
FYHAX40FnQY,-0.15154030919075012
-xNrpFL4Bxw,0.16249579191207886
EJmMhKNpxco,-0.2306956946849823
MR8igRnL-Rg,0.10809418559074402
fc1b2wf354g,0.678778886795044
D-d20IpGulo,-0.13585644960403442
gec2KY9-zuA,-0.4658208191394806
gRKnF0PAdsU,-0.7807644009590149
HwU16fIQylk,0.20061179995536804
PpL4i5To2Nc,0.7795742154121399
ysnhDPAHiQA,-0.31595951318740845
mJjUzOLznmY,0.3850729763507843
nB_33mOD5aw,0.07050560414791107
pOvuAY9GYlE,0.2318134903907776
n5eD9NVn8gg,-0.9074599146842957
xqQ6MdExuNc,-0.4556938707828522
DPTuoTB8o28,0.8315419554710388
eTMkrCwuYtM,-0.8335610032081604
eizauKb1xQo,-0.19363857805728912
02ikK_UfYso,0.5750445127487183
XaI-nEN2DRE,-0.2671331763267517
tEXPYaa2eRU,-0.7729994058609009
kFqdkAxTnjU,-1.6199909448623657
AoxFPgpGDUo,-2.1227149963378906
gA13NrKZMkU,0.45684581995010376
4Aj0weACPHg,-0.7699633240699768
SuXrHsI2o1E,0.8151903748512268
hZ2OTnmcWjo,0.02543468400835991
JLmocoC89Oc,1.8784210681915283
vXRi-aQoJjI,-0.7114448547363281
YL7f4KIVfNE,0.0539538599550724
FOsFNys8vZw,-0.15517251193523407
zQAQXXddi6Q,-0.3662661015987396
syAvWTK45a4,0.219378262758255
AadsTjj5D_4,-0.1714532971382141
dfaKU67vSNw,-0.0040773749351501465
oVQ2Zr9Bc7Q,0.25616195797920227
l-S7wQx_hvs,0.17367848753929138
WxmJtjGkqfo,0.8796395063400269
yxRTXDl5fKM,-1.7872169017791748
hBOPgsJI75g,1.1757614612579346
TKoB7XQJwlo,-0.18038980662822723
RrPBRCGPT28,-0.21872800588607788
WhsCOxhEgxs,0.8028984665870667
j6KWGRgHnBk,0.9058066606521606
oGIHaXXv0Yg,-0.20200422406196594
5GLBxbuiFoc,-0.3044833838939667
_BvG3idUm_Q,-0.12420395016670227
FuPi3wH6eVY,0.36441922187805176
8hnUbYhhXsE,0.009891536086797714
KMBkty5oC9E,0.8451324701309204
f2JvEzqyvFA,-0.20989328622817993
cqJo9_aniIA,0.22759266197681427
12W9atpI4R4,1.4384689331054688
EmLzwrwZivs,-0.21450278162956238
qrI_slBaOK8,0.09093338251113892
L9FjuSqqcCI,0.20910607278347015
VxHbBEMazA8,-0.9335009455680847
oZDuSZlqP3Y,-0.12931586802005768
4HgovG_ADb4,-0.5117532014846802
546VMMaZPrg,-1.8738118410110474
cfwpkeZRO1s,0.6932063102722168
oD32bUmVPGk,-0.5416438579559326
Cy5GinM_lqQ,0.6172403693199158
liJB7vFuYSM,-0.3108326494693756
Jh7c0GqIlGI,0.3097655177116394
5M6bN6fxJoA,0.039768364280462265
DFgyz_Fj1Lc,-1.4272624254226685
BoIZy0EkOtE,-1.4584966897964478
XqCvE16rPHM,-1.291875958442688
Zi6ifVYidXk,-0.723837673664093
cmBKoxMC6Tc,-0.33260801434516907
ekhqho-UJYk,-0.11720898747444153
P8NPx_fRGYE,-0.05463417246937752
osjEzVv9jm0,-0.2338540256023407
CQY21f-dTFk,0.6654952168464661
QMgZOVs8xVE,0.5355966091156006
EmRHWuL0ID0,-0.3254159390926361
h1PjJ9_Yd2c,0.00041150301694869995
8DpFFwiCCTw,0.4955914616584778
Uq2gzPbF0IM,0.43443945050239563
rgfYEt299OI,-0.7527371644973755
1SNB8Dgkkjw,0.10811586678028107
q3Jh8wNcROw,-1.093012809753418
UJgM4TbTpog,-1.7625948190689087
qcwUatH5bwE,-0.4486871361732483
HSBUdKIr1PY,-1.7600445747375488
EsDeIO2vvyc,0.908118486404419
BTBrOZiqAOo,-0.04733387753367424
duegea04gGw,-0.36583274602890015
wxFpqdZnIhs,-0.4243370592594147
ad0fWeH4TbE,-0.9454880952835083
_j11q4jWruc,-0.311882346868515
zLrTSRtTkOA,-1.3576133251190186
GjGnktw_kR8,-0.17079776525497437
MP-ykRuJFPs,-0.19903908669948578
qpv7sEjx52Y,0.45701056718826294
C5ZJr_rQvSE,-0.2271495759487152
puTrfz1Av2Y,0.5284964442253113
lwU3el7848c,0.38903743028640747
egsdPYD-sdU,-1.8643479347229004
BFgAHVF0rN8,-0.4405527710914612
e54U5xQ4ys8,-0.15880635380744934
hL5taAXvmrY,0.35539162158966064
VoOtr1Ld2To,-0.40165433287620544
TGE60l5sBXs,-0.014442078769207
k8VO5TEgkks,0.1703423261642456
MEgZov3RdQQ,-0.043093811720609665
xh86PWMJf7Q,-0.3881151080131531
vgfbscj0o98,-0.03648456558585167
Epn9NCA1_bU,0.6889600157737732
aLazTCItBFo,1.053195834159851
6WhG-1Uarf4,-0.16823971271514893
Q11SAppKXfQ,0.15327207744121552
WYZDe5nMVaA,-0.05824792757630348
CGNriQeb98M,0.6084127426147461
ywCcfIKgSYE,0.99554044008255
mvxRe0eez_Y,1.0493892431259155
WVYSzPAoIN8,-0.4359941780567169
qWCnwX_xbTU,0.002958875149488449
9rynbkPOIjY,-0.6933890581130981
uz-DJQWnVzE,-0.9644635319709778
usd1U6UFQzU,0.5044453144073486
GumrZKi5noM,-0.21855157613754272
I8ZKjAa353I,0.6092110276222229
7VODakGleXs,0.01942848041653633
tjK828bu1Zk,0.34961503744125366
bigiJBYyDw8,1.0225162506103516
YYypCmXTAHs,-0.18475717306137085
egtoOYxR2M8,0.6107922196388245
gy2Sa-DMZEk,-0.17494052648544312
EqdbAM7PV-A,0.14114819467067719
7gJrcZ77bzA,-0.614533543586731
qM6Erl8qwYs,0.4532296657562256
CXR3xpejjrk,-0.1374112069606781
8kpxNHzqXD0,-0.32416778802871704
PrTaBGiNTL0,-0.4442155361175537
it0R4V3fgGA,0.4416346549987793
VTAqWEueVTQ,-0.2832334637641907
EMcBxGOZlPM,0.2266293317079544
MAgneE9bjgM,-0.9990196824073792
wO9LGHay70w,-0.1207207441329956
1tBcRlUHpak,-0.13188713788986206
EztrfOScqdA,0.4312118589878082
k5PHgiiLQGE,-0.48312869668006897
szoxtaOmOUA,-0.7936553955078125
aGJYf03QXAU,0.6155209541320801
nkoYKNjxH-8,-0.4534151554107666
E3aSjXuUwu0,1.2921249866485596
EASCDeyqGK0,0.18448865413665771
Aj44z-UHe8o,0.4906342923641205
LG-HEDv_E_8,-0.4217112064361572
UOIR9CvoxnQ,-1.1823269128799438
dCK4tGoXg4I,0.2791658043861389
elYOR1IeAd0,-1.2400727272033691
S_97RsUxEWY,-0.10529646277427673
0hfLJFzH5BA,-0.9113526344299316
g4WwD0u4T9c,-1.0304373502731323
UKgpXImrivQ,-0.12659023702144623
zOGo5HAVe-s,0.3163985013961792
Mlz9VAkFq7I,-1.2137867212295532
H8xRmJUf9q4,1.3265382051467896
5x9y56KY_JA,-0.3316178023815155
WwZLnuF1Xbo,-0.6575016379356384
1lo-8UWhVcg,1.3302041292190552
0gVbmDsceUk,-0.2797834277153015
6B0FMCjlCWA,-1.2118191719055176
p9gXXLAWe_w,-1.0514932870864868
i5mAdURocYo,0.5738862752914429
-dsOJYijIIg,0.19475410878658295
yryUjbN_cfg,0.1536601483821869
gFYz8ljfduk,-0.2139551341533661
OGn5B0LbxdM,-0.271729052066803
Aq3-u-lGkSI,0.227961003780365
gkwuAZAW3qM,-0.19459182024002075
VnezZkgrcDs,-0.5203883647918701
HchfKX_ZV7E,0.058315448462963104
jkKjafEIebw,-0.17037616670131683
JFKwcrSEERY,0.7047532796859741
0dpjjvqfftM,-0.5137126445770264
CVGfecHyRaw,0.7075467705726624
EKUqwOMYvgs,0.7886343598365784
tbKXOISNg18,-0.6248550415039062
pNoQ-HmVzuQ,0.18834809958934784
AplzKlJr-SI,0.20350849628448486
Ho5izpFW2WM,-0.36991822719573975
alMS8VfK1SY,-0.706254243850708
XUp7r6oErWo,-0.6313804984092712
x301l4zzUSM,0.2247851938009262
maK-dCsfxO4,-0.3149344325065613
KZlpJFgxviw,-0.10983259975910187
mZCXFNfNH2w,-0.6787530779838562
x4Mo_zP7pXQ,-0.34486764669418335
kvgn9RKXip8,-0.3054027259349823
NBpVQx4GYYg,-0.1835937649011612
EiWWkdZAgo8,-0.3277066648006439
D38As5oqJEE,-0.4490526020526886
eIT6rF-gEUI,-0.3166557550430298
em1ec7BZHJw,0.601026177406311
55QplnJo0z4,0.9173111915588379
7xNbKUYFyZA,0.7147552371025085
6dms_cImvjo,-0.36570945382118225
ysWpKZTZSjE,0.5479337573051453
YMUi9iIjKj8,-0.41986075043678284
Ht2aZLf8q_8,-0.3008248209953308
n9v02ekwFvI,-0.7541494965553284
hUJB2CQktlo,-0.003452140837907791
8JLG4Zk1Xm0,-0.039537105709314346
ASU5dCxZzGo,0.062484852969646454
NeaBqfhprp0,-1.44611394405365
hWRxsCH6LmU,-0.4468843340873718
LlTNOO89u4c,-0.14776326715946198
WBLbVW2eIEU,-0.31107717752456665
5IQvn4b5Arg,-0.14563536643981934
ckz45RHS5nY,-0.43873754143714905
eYk5wDIDfj8,0.7048126459121704
mXZ45yLpg14,-0.10505335032939911
YFm97arCwcs,-0.42245936393737793
13R8LHsZ93o,0.39714688062667847
v_lrZrwMLvU,0.6554062962532043
dLyL12KFhPg,0.42513760924339294
UBMpS76FumU,-0.5225275754928589
kiH883cmBzU,-0.3845428228378296
qH85YdBhfpo,-0.13702338933944702
yuEJYXXbciw,-0.15525734424591064
Stt9eM22D2E,0.271992564201355
eTOYwK1e3dY,-0.03724868223071098
q4Wrew3vSDU,0.4187909662723541
OwUNzKOwv7I,-0.03788013383746147
gwI22Nm-zXs,0.6989705562591553
YJRVNWeX0P4,0.34955665469169617
c_S9UUHJNaw,0.3182566165924072
WSbJo1tySQI,1.1705782413482666
lofV5wAyZLE,-0.4711854159832001
Ucpsovpgf-Q,0.1419113427400589
juTEgibVOy8,0.22227148711681366
ou75qiXVFbM,-0.1593136489391327
pXMrRyiW3tA,-0.23062348365783691
PKii3j7HzF0,-0.8777226805686951
uBCYidIAwtM,0.01321009173989296
mowmW4EzXPk,-0.15798023343086243
P8R42hEKH4w,1.6679767370224
Rx64DN6qyd4,-0.44768252968788147
Bgpvop3ntro,0.1480112224817276
xEUvlIDbvgM,-0.07668645679950714
_bIy-ii9yZw,1.3244287967681885
xYOXHk-ycQo,-0.6567026376724243
i1gQLBXwmYw,0.2766382694244385
MwCLmpU8rbU,-0.051475267857313156
h_LmyhVniZg,0.227913036942482
lddLELWlRQk,-0.09257960319519043
4Phh2D_ilPE,-0.07697266340255737
zOj4FO52MMw,-1.5228022336959839
m36JD6880ik,0.1363767385482788
UM7P7oQ-Uks,0.20249731838703156
4MQ_yrBmWCY,0.20905925333499908
hQ7M2LdauNk,0.27432700991630554
QH7VBZbZZx0,-0.11871454119682312
8OKQi9gwE4M,-0.12595400214195251
dYOWeRFKMA0,-0.5312701463699341
LaGLjdW7T7I,-1.801389217376709
yCv5rs4wHC0,0.19099360704421997
Nud8YzNdS6k,0.6602551341056824
JH0RWLXvLjw,1.5073938369750977
OiFFcIqK76c,-0.18718168139457703
lXacB8pCBvE,0.27761325240135193
tpiq9AMD7vk,0.22203367948532104
ly-Fzkz4H7Q,0.44800522923469543
Np5gwkMPYGE,0.49484243988990784
Oc-lKTEkihc,-0.5324403643608093
Q7GBB47JBns,1.0275465250015259
ZyB48GqUbbY,-0.25627025961875916
pzeB_TttQmE,-0.3828504979610443
rc4CNEkDknA,-0.20613226294517517
rQHRp3_SqtY,-0.0687914788722992
3V6-F4e50YI,-0.1320323944091797
itORcvKEwUU,-1.0904624462127686
GPiGPK3KFc8,1.4264365434646606
LIPq50KCCkI,-0.2203236222267151
WowkZAt8JkY,0.5432360172271729
F_cn8LQMnUc,0.626750648021698
Z-Ox1kgrU4A,-0.0016549713909626007
lDCNoIUx5Sw,0.45806384086608887
ji6wQzkmkDQ,-0.3985404074192047
0lLRU2JayxM,-0.05825313553214073
uw9XTqjtOcU,-1.009263515472412
isvSLCepmpU,0.11228269338607788
4REDYAYWqtQ,0.8194840550422668
KAxnaPjUBJU,-0.12825824320316315
R2G_VA0tqOY,-0.08397026360034943
RBcT2k1hJsE,0.1323181390762329
QIJVWSOrlZg,0.4325302243232727
JRckEhKTZhM,0.35998573899269104
KXzJzn5r3N8,-0.5823912024497986
6Qxu7dnALb4,0.5067394375801086
_NxE5d8Hmhs,0.47224798798561096
7Zs590sutIk,0.11545200645923615
Ns-vaXrQBc4,0.3237398862838745
ZjvPDZ4yFmo,0.3913237750530243
XyjrOHGr2sI,-0.10162535309791565
_9cyC99TTF8,-0.43988820910453796
hCd47WDgAsE,0.05384765937924385
1NBokEKawMk,-0.24106359481811523
yYPuxWihsUA,-0.11979420483112335
ZKBQ0p0hl4I,-1.113515853881836
63QkbJ-UOLw,-1.0989723205566406
xWiA9Z1HKgY,-0.30802014470100403
Pc0r2tIE7VE,-0.10990414023399353
aNS48dx-KhY,-0.5443155765533447
6dDJ_GdLAQE,-0.3529936373233795
7sTymMk4enM,-0.2633962333202362
C1C2KFUDnZo,-0.44198253750801086
ybo0vX-CzBc,-0.12245368957519531
Ea2b41Sdoe0,0.13570810854434967
J5YJdRqTL0E,-0.17636631429195404
806heHW2ENk,0.30583563446998596
BYJyYUIiC28,0.8847507834434509
3N1HDPuRk6E,-0.4369122087955475
wDOHQ0dKBYw,0.11047418415546417
A2a3a2jCa4U,-1.219869613647461
r5ip6U1XWkU,0.4764576256275177
LHbo2ZDoAck,0.22048404812812805
Rt1UrUjFNGw,0.02968284860253334
vJYaXy5mmA8,-0.28229081630706787
gUSHbnqA5tA,0.12850160896778107
FYgPsOd45aw,0.19717861711978912
Nq5OKngp_B8,0.03957214951515198
HGeFRBEOOjg,-0.35008758306503296
4-2cSqJec1c,-0.4746115505695343
n44XvxapqEI,-0.27395692467689514
E-EvmWuX7gE,0.6959915161132812
Vgk0_mwNl64,0.17232950031757355
gBxi63A53Pc,-1.3279547691345215
hB3LqDZhDKg,0.33598434925079346
JTb8VARc2E8,0.7314044237136841
DXuSmt_gUfg,0.016364526003599167
7Q9CfqkRmUQ,-0.33045610785484314
6oF9kZ74MSc,0.12782038748264313
8yO30PGCMAc,0.21320126950740814
izsA2n1U4II,0.3025827705860138
fMxYfsLepPk,0.17281445860862732
7XLBiaLXvRE,0.47289717197418213
tVqGuhcM68k,-0.374624639749527
2i2rdXvmK-E,0.2782682776451111
3O-xHrtXssc,-0.14053796231746674
vqBgNvQ3E1s,-0.9494252800941467
NTdnS6_5dkY,-1.2574119567871094
62oG-bp4--8,0.028868047520518303
I9XhCJIfeJk,-0.8206416368484497
Zl_FXe2iXek,-0.22875633835792542
JmDYYPx1-c4,-0.06358124315738678
XIgWBZVIt-A,-0.25203201174736023
gHtVeljQ6e0,0.7215259075164795
QJloLk_pxFk,0.37095266580581665
BxOtm1ofsYA,-1.6676353216171265
NFx2XOKvED8,0.14217470586299896
ukhLsdbV8XY,0.6430652141571045
D8z2UXE_g4Q,0.35617896914482117
gAjjSK3VLI8,0.1469045728445053
e619gtk2gWU,-0.10424713790416718
PH__bJPJPqA,1.4456793069839478
H51Gb0B3haQ,-0.41143348813056946
lsw_HyglWu0,0.3729473948478699
AC_d8NLrRdA,-0.2861693799495697
U_2JBYW-OTk,-0.23674967885017395
BSNdLr61K-A,-0.38433384895324707
lEWvoKV92sY,-0.041205909103155136
JklBzYw1ybY,0.26983770728111267
T7zo97PynYo,0.21495547890663147
HSD_AWljOA8,-0.38190966844558716
_RtuimOWjGs,1.8334697484970093
KFBCqA6kg_4,0.010297026485204697
YQGYgoRlhSM,0.13508658111095428
Jkoga5V7BCQ,-0.2478235960006714
ed89RvcdQS8,-0.010283678770065308
Q4pxtabJp4E,-1.28969407081604
P1Tb2HAM9tg,-0.04692309722304344
pzVyCuvj1_s,0.35562554001808167
qaMhrI-LqfM,0.39035066962242126
HpQzlq9e8So,-0.11239294707775116
7pZnl3oPrX8,0.009486395865678787
k5j6vYTcgHY,0.43022334575653076
-ZXxwPAVSKs,1.1603705883026123
8FqPtyXQ6Q0,-1.500276803970337
CtI8bxzthak,0.16464781761169434
8UKZd3zYhwA,-0.1325913816690445
4x71xHaodhE,-0.6514726281166077
DFwHL6W9xDE,0.6167912483215332
wiNqXAgu7gY,0.31583070755004883
V4ENqEv6Rfw,-0.2665052115917206
HQkhoeSYElA,0.24599593877792358
J2z5Oxr8J5g,-0.1475226879119873
VN6nJd34suI,-0.6090153455734253
01tqm-TkDoo,0.16220468282699585
pnpxQGCti3s,1.0548758506774902
8LbynN_DWhk,0.6862351894378662
AKtbnPLOeH8,1.1562165021896362
u6faNDk0Aqw,-1.3518146276474
nkH8N4Wbj-E,0.18419091403484344
oMeM8wZ2ips,0.47066763043403625
l3_ZGD8X4bo,-0.2683824300765991
qvhDS6Jp_Hg,-1.104804515838623
jLbYs5GiGt8,0.5098914504051208
1SynCNH2asE,0.2095864862203598
DMxTNuKtxqw,0.5291523933410645
H_OW-eL5lzQ,-0.47113779187202454
Z1XkuTrg1YA,0.5188002586364746
WVgc90INFWE,0.03890225291252136
mZNWxGaEQwg,0.5820944905281067
KeZaZ_tBnxQ,0.4629260003566742
pdXKt1zZC1s,-1.3142532110214233
7llowfE6PTg,0.2216912806034088
X5qodntgS14,-0.8267499208450317
DNil3LnTEGQ,0.20346668362617493
vH0_HMA2pYs,-0.7812466621398926
G-C-cZqG58E,-0.6441689133644104
fKgvno6k-og,1.4859806299209595
khyuNtszhBk,0.2887670397758484
zZZE9l1gqtE,0.3572999835014343
gbY2gFi-8LQ,-0.5649073123931885
EAVo8RyU2E8,-0.1082490086555481
8rR1N-kcRIQ,-0.53459233045578
sH83VYSumZM,0.24668900668621063
34hgJpwuq10,0.37113913893699646
1GudrfGUInw,-1.3578636646270752
SvLUPRdvg2A,-0.4273969829082489
C0LLDbZvTxc,0.2548259198665619
-HxkW1I3We4,-0.12269800901412964
nQyUZGUPC_o,-0.11525309085845947
gQdeQ46Q7mU,-0.029787566512823105
Zpf9muUMyHw,-0.22586071491241455
0y5X1GFjH3w,0.14412936568260193
19db-S_AAYw,0.3106120526790619
xqC9VFh9y10,-0.1334032267332077
nsUoSBkMfxE,0.3043551445007324
yAeNIi6a60A,0.06941990554332733
zRY53o_qSc8,-0.830042839050293
NNCCsicRm80,0.28730133175849915
ssb7wRrdMOc,0.038004107773303986
N5L3yYZ5PEc,-0.262270987033844
Cvnx2lF02Lk,-0.3059106469154358
eV4PIVqme44,0.03289438411593437
9JeJlWYW_t4,-0.09019222855567932
ZmOEN3h2D8U,0.2832240164279938
CvrzhdKHQ1A,-0.016838785260915756
JeSmO-Vde3Y,0.625490128993988
UI4wO6OHwQg,0.34378087520599365
yCOsJhlFqog,-0.444109171628952
86urQJngDxI,0.10259190946817398
JYtMMv1Jyrs,-0.05597400292754173
LCKp_reUqMQ,-1.2949090003967285
SUv9BcIEPJU,-1.5884671211242676
mpDalnGp8dU,-0.43745487928390503
4rBKiMsxrNs,0.05688890814781189
TZJLab3LjWM,0.6052080392837524
p6M40CfvKlM,1.2668440341949463
1RkqrdAjL1I,-0.658928632736206
-ACkY7rWgvc,0.235569030046463
vLt7zkO40b8,0.14696863293647766
xGCn0a2Mq_Q,-0.5237729549407959
9Ve5oMWnhC4,-0.40685948729515076
pZcPFW6llic,-0.6898847222328186
4udWOKUPBgI,0.39495405554771423
07U3BXIm-as,-0.6788858771324158
5fDYzmjx_DM,-0.45594528317451477
v_C_QbenpS0,-2.0167582035064697
XDWT-CIAglQ,-0.2717447578907013
tbmqlvsI6GQ,-0.5954389572143555
auEzGUn5euI,0.32336941361427307
elMJ_CSkAMg,-0.09121514856815338
ecuXGGhHTcA,-1.3193215131759644
rdebPS8GEMM,0.735130250453949
RhPbhYcqRiA,-0.30886441469192505
aH-oMTqGYag,-0.1528114527463913
f3vE9PzGk8I,0.1514318436384201
0Fkcr8lK1A8,0.6099092960357666
WX4DXzCB70o,-0.5521390438079834
8Azoi0SCWJw,0.08192598819732666
otZ_seBPIEk,0.22313252091407776
vDjcWlCT8rg,0.5628449320793152
LV_VDlW7J9c,-0.20136702060699463
Y2kLQxVcC8g,-0.3211687207221985
1e7H3AGLx2A,0.4113794267177582
nLgr2SLJ7do,0.6614461541175842
TpsaXp8CM2U,0.5738465785980225
z5vBRjaP544,0.08057580888271332
nAPGUzyVxRI,-0.4831843674182892
1SCiFAVjmjc,0.11527487635612488
OZmP2Fv06-s,0.3850334882736206
wxuXSS-m8pU,0.8366178274154663
tKfXOrmjyL0,-0.4772562086582184
oRNT9v_24nE,-0.27966442704200745
KOgLRn3cy_s,-1.3647363185882568
4o6bvJxCS7Y,0.6260873079299927
M_CI6fYjbh0,0.4057455360889435
OyLFi5ZAuRY,-0.5229039788246155
0cEI_ZDpMr0,0.36348670721054077
EzjbF2BqU-k,-0.16728588938713074
lX50WBI-qE4,-1.7100523710250854
VzUkL17TNEk,0.05324190855026245
-eRX0Q98V_M,0.17920929193496704
czNgKX1r7ko,0.24456697702407837
T8UZ1V2sDUI,-0.08059294521808624
mOBI8dVoHXU,-0.5046752095222473
cyQ2VVJgx-Q,-0.3313404619693756
2748wSZO2EA,0.3435104489326477
34JrneoCDH8,0.9513239860534668
l5An7leeyOk,0.6641859412193298
JL410HGuv-U,-0.28944867849349976
XWAxpugt0J4,0.6096764802932739
nX_8xi77F-Y,-1.5006489753723145
1xeXgdddLe4,0.14007605612277985
f6E06scUN84,-0.09255392849445343
uYj74ZXAcrw,0.10478448867797852
1UmhgTE9moo,-0.5164093971252441
6hw3WA4DBxk,0.7073153257369995
hqH9P0JiCQ4,-0.5176721215248108
qXgX5XY1eDU,-0.2605479061603546
4LS27-aYZSg,0.29348328709602356
wxEUVUPcsN8,0.6327303647994995
0XZEU8zoc1c,-0.3732447028160095
4wmdVOaAQ0w,-1.0691949129104614
Bby4wgVjVhI,-0.1986846625804901
5bJ_su15frA,0.5947322249412537
kbmiUxUzUxQ,-0.2199261486530304
v4jUC1J5ndA,0.018567774444818497
eyUSYt8IUUc,-0.3266792595386505
YRs0SIkhjJ8,-1.5761873722076416
XTqnfZr-yAc,-0.6657095551490784
Ven4sQzDmvo,0.659894585609436
SQvCLxnQ93k,0.20962613821029663
-AHha0W0cZU,-0.09079588949680328
rer1ohR6TcY,-0.40595367550849915
tXIrGSuxyxU,-1.955911636352539
y2fWRyeQLXo,0.4365719258785248
iEQvJaVAWhE,1.1605870723724365
XSmNGLyGMHU,-0.33322855830192566
rhCBZu3qW0Y,-0.7475624084472656
y6rhSOV29Os,-0.09748709201812744
9VkUjGQuSuA,-0.10480369627475739
Je_zUfK9z-4,-2.8440165519714355
NENgtqgkXjc,-0.39803406596183777
ase2b1T5_c4,0.14368125796318054
g7OjqXn0sYM,-0.10230131447315216
7-1LiRklNQk,0.16402962803840637
I1vx7CcHNG0,-0.45064306259155273
hcpkxmdCjac,-0.423632949590683
hdfUHwg_MkI,0.23280583322048187
MmqEIpLnDCM,1.1492044925689697
TE-p_Ey45C8,-0.3377557098865509
QFtFw5FoSh8,-0.15954366326332092
Ikeg0SB4Jtg,-0.09146197140216827
iS5-y0kho14,1.2399033308029175
4LqSbo14NUw,-0.052157383412122726
mCDgzYEle4Y,0.4743151068687439
wV3QIKvvKwI,-1.3433629274368286
mz5UKRPpnUM,-0.12382291257381439
Rfmzn0l-kJg,-0.08282589912414551
uJAZ7CrNhCo,0.7025057077407837
WeKSMPQ7r3g,1.2635246515274048
dMKWRPd8XP8,-0.3215632736682892
6BOBN8SYrdM,-1.4227861166000366
VeatQILHoh0,0.21135300397872925
S1J2AFhZb30,0.25253725051879883
BPwBNg9nTuE,0.14142043888568878
CsGuBbcGADM,-2.0832138061523438
Unh2VtwxmLI,1.4622459411621094
ba0JOclVOAo,0.7733154296875
ZzL5txCOx5Y,0.293953537940979
x93zuePK8dY,-0.46327683329582214
EBDwF03UIMg,0.06612528860569
bnNqM2hcPIk,-0.2615826427936554
RyyC6JLSBxE,-0.37369072437286377
A_ZDM_p5ANU,0.26069796085357666
8oYEktrniDM,0.6026633977890015
GLK8sezcNp4,-0.9666368365287781
FgbnLD9ODQo,-0.8946570754051208
h4T-4zbWeYg,-0.22347405552864075
LgKD6NQ8T0c,-0.09765355288982391
8UxLLSl4MLE,-1.517484426498413
y6Y1Y_qIfX0,0.42950719594955444
XfsG7uN2v1o,-0.1133725643157959
cb4EbQxBcOs,-0.10906055569648743
NZNjA4eLYso,-0.48101088404655457
WxcxizIOgnA,0.4934838116168976
uCOermvGRLQ,1.7590030431747437
imbTg6UDm7Y,-0.18681052327156067
TYZrZVXV6Rg,0.8114496469497681
GX_wsf1IkR0,-1.5811134576797485
nKiFjv3LMWo,-0.5049457550048828
0afxXOnRbpc,0.26033592224121094
oRr5Lm9eNBI,-0.0875735729932785
0x63u_Xn1sI,0.24202841520309448
3BMUDAaxCrY,0.40126582980155945
G6qKaVf2LLM,0.09845516830682755
OOImcRKBgi0,0.5121837258338928
sbj68bZW_2g,-0.1424022763967514
Bg8cF9cjdNU,-1.5264323949813843
gigeOMKhpWo,0.5614031553268433
RKDuN1iYQmE,0.28065046668052673
xOWHUlgbG38,0.03975379467010498
3aZImLyQpbQ,0.691892683506012
C17sVhnDqrI,-1.064780831336975
v5w7CtFNIW4,-0.5358349680900574
kk4yaf5vRLc,-1.275826096534729
vS52d8MhDO0,0.5888190865516663
scBPXu9orPM,-0.02159910276532173
mS5a12ooah4,-0.44235125184059143
ZB6WkDd2bx0,0.22932168841362
MakHRHkc82s,-0.10549834370613098
7mVRvUZjLJE,-0.057603251188993454
kQDH5Q59_3Q,-0.6907908320426941
ZKUYEiYtSBM,-1.2258002758026123
tGjcKAN8nnM,0.15257962048053741
9jMf98IwVqI,0.3265804648399353
aj5jr794EEA,-0.04827871546149254
xk7mpAgowpo,-0.4936966001987457
qSirSmsIL5o,0.12034967541694641
JXzHsEJy1dk,-0.577282726764679
y2T3IqDHr5s,-0.47470328211784363
zULFoqASnqU,0.09435081481933594
5RaJbIwuAhs,-0.0012109726667404175
E_xTBhj2Rgg,-1.1368211507797241
g5rhKXeAohc,-0.13140282034873962
isZe_z82c7g,0.28777921199798584
ALUL2QdzbZI,0.2567231357097626
I9IPsE9VjyQ,-0.12995058298110962
pdwGaMnKn1g,-0.25258058309555054
Re6XTLNhiBU,0.4192371070384979
U_Jyw7SFzqU,0.8053537011146545
wghdBOIH6sA,0.061098672449588776
B9QVlLqAv5g,-0.2983459234237671
F96wbQ698Z0,0.04629417881369591
qtTUh4qZAHg,0.3915121555328369
GrVLalubrI8,-0.15201552212238312
iFjgFFEG9GA,0.3322175443172455
ZJZ43LBmjTI,0.38652142882347107
9qFzdWTCiWk,-0.33690664172172546
Jy-BB7cgifc,-0.25875017046928406
_uj7ET0Qa_0,-1.6132985353469849
0BlkfjwF4Wo,-0.21956279873847961
3eVzshqoq_A,1.361965298652649
QPp1cpQJUiI,-0.4625953137874603
2Ru7-h_V1fM,-0.5823420882225037
MNaDRwcS9kw,-0.1251019835472107
n1YAL-8kJlI,1.0364971160888672
U4Wh3u-2eIE,-1.2242283821105957
ySjWo0pvh9E,-0.32690343260765076
aEGmhTWIs2A,0.2155310958623886
TaWAUwrqL-Q,-0.14367006719112396
mMYO8DabGPM,0.17993122339248657
f8xyZsCqBhk,0.503899097442627
0J_8iZJ6IqA,-0.5701132416725159
omSNrhqriZ8,0.051044661551713943
14RdB2MB1Mg,-0.2134684920310974
E7J5-ABuU3E,-0.03621944412589073
pIfSaLAvQ4s,0.04606055095791817
IMAr5T5B86U,0.20279525220394135
0tB-bWTh5vY,-0.02981742098927498
hMaXQVvvZUE,0.09799863398075104
tCMsfje7jyc,0.1160113662481308
AGL4pbykTOo,0.6260992288589478
cheS7pKfVD8,-1.2063758373260498
6Jmbuw9rX94,-0.20867609977722168
QtRLgsabVzo,-1.3969967365264893
quHV2rEOc1Y,0.22469623386859894
6u9laXK_hVY,-0.11236561834812164
k-c7pz_PJsg,0.2515275478363037
mtzMag5eFkw,-0.5510514378547668
yh2LcZnpB9c,0.6431919932365417
liuXOWnPmhc,-0.24416115880012512
-31D_Vm9m5k,-0.3023082911968231
wN4AlAquzuw,-0.43244513869285583
bIY_xvoyEaY,-1.1964082717895508
Zv2uskkiHyw,-0.22787728905677795
974nnukaDy4,-0.4706133306026459
LGd6i93zYO0,-0.02859267219901085
2HupoDzzjfQ,0.36861762404441833
dmfgLE7Sb9k,-0.5136903524398804
6_xXEX3Z9jw,-1.4224028587341309
JCIsSsXqC40,-0.07001814246177673
HayZdfXUnek,0.5912191867828369
02G6GDbtCPU,-0.21736329793930054
amSjTUtKxuM,-0.9066067934036255
76ory_1kwLI,-0.5094323754310608
M14hGpVisQU,-0.10775277018547058
gRW12Zo_-CQ,-0.1576167196035385
-BhTsPSVT0E,-0.07911837100982666
tSF778Mi9sA,-0.32759371399879456
l_RK3WTUoV4,-0.10608687996864319
A-xxqm_Fuq0,-0.06326402723789215
-FkRxQ3OqYc,0.29518836736679077
aGakpf7e_LA,0.12976105511188507
ihAQ0ogtmhg,0.20555907487869263
JVsPFYowSrs,0.19172737002372742
nVXMJFWU5q0,-0.9537437558174133
JJPavI9yKag,0.15910139679908752
LBitgz6BXQY,0.031817976385354996
Fx-o2K8SYiE,-0.6931077837944031
ydzkGdvgTEk,-0.8429155945777893
SMo7fjGpedQ,-0.5033458471298218
isUJhI-UkdU,0.6404502987861633
BrU6YqyTO_s,0.34728893637657166
PfJZsOD9ZFg,-0.16151441633701324
rq2HKH5KFMM,-0.6669753789901733
DZF9BLi11iE,0.6434324383735657
pRLw59wYISw,-0.41311192512512207
v92BVycNkBk,0.8757075667381287
bo5D8aIlR2A,-0.3755779564380646
brDPgHOP8mw,-0.5668688416481018
Lyv34H0wHZ4,0.004833605140447617
_fHgQ1s_8Ng,-1.3434367179870605
m2_iUaUiFT8,1.171352505683899
UUZfXz9ZXf0,-0.04980212077498436
m6uEUPzdA40,0.01687386818230152
YhfpbUbJmYE,0.2922206521034241
TYv1NASavt8,-0.27659717202186584
VqdhBKAbGLw,-0.2980232834815979
Dh79CiXRso8,0.065797820687294
9KrXUnnC1os,0.5970367789268494
PfC3cCSSFd4,-0.7145653963088989
Hb4AtuDsKas,-0.41949644684791565
CARUA30_-aI,-0.03430246189236641
R2jV-JSU8Yo,-1.0157878398895264
pM2q-qbzOxA,0.05090593546628952
A69Y7hySvRg,-0.04843869432806969
OxmilA7CQHo,-0.11035613715648651
yMrE9kE6ZUk,-0.17565982043743134
oerMFYJl0gA,-1.0810102224349976
h3TGEE_IV28,-0.9907636046409607
MTYQT6fSzaE,-0.2885549068450928
cxEfK1DGYuY,0.16050086915493011
JfmBY1NHaCI,-0.8021673560142517
8ad2e443MHc,0.7618122100830078
KlDwnQdNOz8,-1.0620192289352417
1yXoxxrJzkQ,0.3434086740016937
iRQUUPWPuXk,-0.2890007197856903
bvfkUrJWlt0,-0.322844535112381
B1BU6Q2EkM0,0.16115790605545044
sGlq5y8LPsk,1.0623657703399658
HHLD0s3mRj4,-0.17265456914901733
1D6zdcQaxVg,-0.46782198548316956
pvg-AN-DVfQ,0.03515194356441498
h3aqNqF0GYc,0.17241279780864716
PqP7Ln_WrCw,0.5996774435043335
J5Pnh0UcNxg,-0.9084607362747192
0o6ksKBsE-g,-0.27921152114868164
Ynh3kqoW7T0,-0.19957706332206726
K-a8B0chv9s,-0.559123694896698
w3WbsDdwvM0,-1.0695676803588867
ojt9ytMBphA,-1.3060009479522705
67PzhefIC4M,-0.1238626092672348
p2F5yyF5yiw,-1.604873776435852
KdlRNidvpj4,0.07917745411396027
wScKlnDiJ9M,-0.00041127949953079224
PoBpVV_9hfs,0.5591683983802795
cgN6UEP_6l4,-0.3806535601615906
52HWridFr-U,0.022924372926354408
DbyZJ4StgSk,-0.564406156539917
AQrQgIr3RGo,-0.3265765905380249
5AXkJ2xRq8o,-0.1936156451702118
BYv3RRGzgIw,-1.5104787349700928
32NqTLcAaIM,0.27246278524398804
u4YNAJd1Rmk,-1.2258192300796509
WadWVFwekSA,-0.8895373940467834
HlEwU8kpaVk,1.4071003198623657
a0xDN2wNdiA,-0.3009283244609833
Nx0d0tKg_hY,-2.650843858718872
12wmZRUW32Q,1.0348660945892334
fZcQVn9UGtk,0.5596274137496948
k8YloQv0FXs,-0.1312810331583023
_OOWhQJh6A4,-0.12202489376068115
JrRV3C17nZk,0.1019558310508728
1z724uCYtY8,0.5606829524040222
qvU6rjCOaVc,-0.5238247513771057
jExR8C39Bwc,-0.4613438546657562
CSYbuxVgMqA,-0.9128194451332092
ct4BpWQTLi8,0.5565749406814575
-33JjmUgM2A,-0.007447894662618637
hxquHysHE6k,-0.882537841796875
uvKdPRYCVHc,0.6944026947021484
20evunLzSgk,0.24760869145393372
ZSDOTF0A1o0,-0.19957208633422852
n4RgddQjIAM,-0.4358904957771301
wgbECuBB74o,0.26978927850723267
wIXHJlv6QI8,-0.3583950698375702
iNKSZ03RBIc,-0.12397149205207825
gCaI1QEIVWc,-0.04740510508418083
Ge2IdX29PhY,0.18165099620819092
KhNJdUFfiFY,0.3588099777698517
6rdhlFv4GC4,-0.30693644285202026
PCEqP_Ld-_w,-2.474360466003418
DVlzqev8npM,0.2360670119524002
ahXSlNjHsz8,-0.20834222435951233
2EBXS0mdR98,-0.2296164631843567
qFstI3WJ_2o,-0.6636413931846619
Dovcc2G7WTw,-0.6350116729736328
-BZoGkYfK1o,-0.051186833530664444
GXvmZkVecWg,-0.6179524064064026
-jKc0IpcxpQ,-1.3084137439727783
VAWCgXxZkiM,-0.8357818722724915
g8bGZKFSDiA,0.1512508988380432
8kgcelCCGMc,0.25996702909469604
8aIlVlhfg6I,0.3145344853401184
VY4CWZ5J14k,-0.28063270449638367
KojCAhXrNaw,-1.0308558940887451
AIx8ygo9LOQ,0.22530882060527802
3ED4OFVc0JE,0.6808064579963684
huKMl-afA2Q,-0.18682080507278442
qkzjdybuZ2U,0.0015186630189418793
-UwzFv9_1DQ,0.1232592910528183
BP7qYHC77Cs,0.18052752315998077
dP2DqUgCjPM,-0.5350448489189148
1KkgG1FG0HE,-0.07919998466968536
MvsghTOLW_o,0.2762379050254822
vb3tuD59BSY,-0.5163394808769226
quMIHA6p3bI,0.1787705272436142
Xnf8OnZ-RvI,0.5640323162078857
QzulB-l9U1c,-0.37748610973358154
TRL3HuftrDw,-0.18793483078479767
-oVHS6u94TU,-0.04146907851099968
VruOm-m66Jc,-1.3177520036697388
IW1dg9Sq8BU,-1.8345285654067993
aF-E48eBX9o,0.48588475584983826
q7WIHwQwjBg,0.7011085748672485
31a2EzUoWic,0.7018583416938782
Weo3stxIXBY,-0.16038809716701508
aP9bnWXzkiM,0.5952069163322449
5UNxSSN3oxU,0.18906261026859283
FCM46AsmJH8,-0.38488125801086426
SJbeYhnNWMY,-1.2462362051010132
Dmgy6LlUHuI,-0.047008756548166275
1gIkn2vypCw,-0.407475084066391
zbKpB7XHJlo,0.5710830092430115
JmgDB8fhITo,0.240059033036232
I4l9XNrnVFw,-0.648328959941864
ei6xGs-9NRY,-0.34517964720726013
opvFdCgtMLk,0.7010051012039185
fycKsZYH0ec,-0.29879340529441833
jdQqO7P0eG4,-0.766508162021637
HeSRwdq5M_E,0.09330520778894424
JvA3kX1kCGs,-0.3572548031806946
rbLZKC6dsmc,1.145113229751587
73shdKidzpA,-0.2707218825817108
l0s3aY0-fT0,-0.5565012097358704
sDxNykaim5M,0.1970292180776596
JoGhSe-ABC4,-0.668275773525238
ZsrjWg9JpQw,-0.11359907686710358
rDYo4Acsu94,0.5549145340919495
ts8QOuPmJ8Q,-1.2833150625228882
WiGQcNGkJbU,-0.06759852170944214
OSfCE-RFiBg,0.45874351263046265
HdgW9d0IQn0,-0.6320315599441528
r9tIISUnj30,-0.028604838997125626
qojWSTX-PlM,-0.11079536378383636
YQosdp-y4qs,-1.5072503089904785
uBxBBs2H1lE,-0.10626281797885895
QIy1Kp3u6SA,0.05595872551202774
t6w_pBvMvqo,-0.5042747259140015
nGHy0vL0sCc,-0.2317080795764923
n7mwYqaQYeI,0.15459416806697845
1_9ypXwj2Pc,0.277167946100235
oclRyjP2SjA,-0.47886034846305847
PodNNfSi5fI,-0.00044291839003562927
ZgfeET_W6YE,-0.29804617166519165
ur6zN_EzBIM,-1.2403932809829712
xdxAXVDFVGg,0.0007956922054290771
6jDuO1J1_Mg,0.3372919261455536
zaoKuCUl8Aw,0.9467915296554565
3sTQZenoULg,-0.984968364238739
Sck_yhVUxF0,-0.375735878944397
YFqd7RIWFXc,-1.160201907157898
U2rPibfI17I,-0.2506076395511627
W1aszlvPSQs,0.3419976234436035
rdxnBrYLrVo,0.2422570139169693
Aov_MWOBqto,0.04663723707199097
VX7XGWGwliY,0.3493017554283142
Nvidix3t9q0,0.058816615492105484
UJP3bSFKZd4,1.2020387649536133
pjGKn52nI-E,0.9212155938148499
05_6pdOYD0Q,-0.10428006947040558
MfRLdxjc5E0,-0.27565664052963257
-Ihvw0bHseA,0.32515326142311096
OEfiFIxDSAM,-1.1797820329666138
LKmKbIQwnSg,-0.66402667760849
ulPIoe0S358,-0.02333332970738411
J_vfjq4nwZ4,0.13381436467170715
1I88cHIUF-M,-0.9761055111885071
DTOnCFXLWRk,-0.17258808016777039
3HymRHZt778,0.06833046674728394
SD3uGFGrgG4,0.02935485914349556
_nBtyyuSADU,0.653205394744873
ZBTHmlpTIDw,1.1827855110168457
93pakwFsTrQ,0.5410011410713196
-8kN1o4-8fM,0.698769211769104
tbbSHSYeK0E,0.43423518538475037
w7Akvr3Yhrk,0.7593126893043518
_xKaM2fEH54,0.2883416712284088
0G03slUJ5Sk,0.2499437928199768
4yl-h5znwKI,0.5892526507377625
VhdI4jNpS60,0.273132860660553
5Yh_ZL1zJMM,1.011273741722107
UNcYm8h_dyg,0.3072114586830139
CQxxhGZhqds,-0.7330107688903809
TCAbi5RDAb4,-0.7930150628089905
m-jM2FyWnso,-0.28327348828315735
eX_tfNEwMtc,-0.5084159970283508
40zqsPvGTfw,0.4856918752193451
VxaZ9xqbnjE,0.7312318682670593
TvRhfaouBHs,0.8819459676742554
vH5YbRG_anQ,0.22977414727210999
Ftv1iJ3N4SQ,1.290799856185913
RbVg3BliPqo,-1.0760878324508667
LQg7uyOqUEo,0.08273373544216156
Zk44B4XqyFw,0.38802382349967957
WXsm9Zm98Lg,0.6139314770698547
k9b9w_PjSPM,-0.2068822681903839
O5A4iYcG7mc,-0.6916671991348267
Hb0OonPCSWw,-1.0287312269210815
ynK0H_8aQB8,0.054365672171115875
znowFHNvfWE,-0.3027805984020233
HElxEiWwQ2w,0.38959306478500366
WKKnZr_f-eM,-1.735335111618042
lHsr5YwlUPg,0.4326874315738678
u9sooBzEHSA,-0.06072283163666725
MC_pbs8j3-Q,0.1313181072473526
67K1bGpbj1w,0.23718136548995972
c2oUN-365vs,-2.3066420555114746
7a0hf0YjPQs,1.7482560873031616
ypkAAYRzauM,0.3763047158718109
2XlpdK-SBik,-0.14302213490009308
_yhcKWgRaEo,0.21116212010383606
JVlc2hVTlwY,0.2140597552061081
l87JQLGRIPs,-0.1215377002954483
SDhGqt7IZ9U,0.14903044700622559
k-qnc_mP9IY,-1.1769815683364868
vNQ1mhHiUUQ,-0.5783394575119019
jeDjJ3esTuA,-0.30249208211898804
SH_6e6seS_Q,0.22184079885482788
--2s6hjGrm4,-0.4504573345184326
Azg47L5Ft0Q,-0.09287768602371216
Tn4WJ9rQ298,0.5658242702484131
SdLLizKayKE,-0.38644376397132874
W_B2UZ_ZoxU,2.0628669261932373
x9XW3QQa3ZQ,0.9619326591491699
LwvHzOf_m9k,-1.1485978364944458
j5wjBF3nyIk,-1.2249222993850708
C8Es3zR03HI,-0.1227862536907196
JUX232fcTIg,-0.14343908429145813
T-qP0HXxVTQ,0.411606103181839
wqi-udQrfoI,-0.12065225839614868
lwIQq5KJurI,0.16949234902858734
lAgiwh7Vktw,0.19293570518493652
7CsvYxqVA74,-1.719413161277771
M1Xq-NvOu_c,-0.3623028099536896
yFrUOkruEqw,0.9235011339187622
JUevmkpOlMg,-0.29609590768814087
sJiTPtA6UNU,-0.3617840111255646
dDlasWXxlcQ,1.9048830270767212
PdX3DIspJxg,0.9394915103912354
3ykaGNl67iI,1.448189616203308
mc_KT-1iCLo,-0.6805329322814941
tHTYIay_DE0,0.06739015132188797
a4gRnYvKSJY,-0.3982311189174652
DetSSWieNpk,1.5329028367996216
9qZeN_OImjg,-0.4745362102985382
jo7jaJoBSTg,-0.5650947690010071
D3fWRCFT__4,1.0851668119430542
piRbRfnkBoI,0.28589704632759094
QNfd782fUak,0.04044580087065697
XgObQw_ztN8,-0.5316441059112549
xVJ6kgZ4oX8,1.0616557598114014
jvBSqQNdTyQ,0.7498778700828552
h2wXAYxm1jQ,-0.2218824326992035
f72zNE81qCU,0.03627035394310951
2WylKv8KUWA,0.5900717377662659
oaTVqV8peJQ,0.7006099820137024
VokwVlx5qEQ,0.9985262155532837
ZhpbD0_ciqk,-1.1367521286010742
yiRJ1trHT7g,-0.906822919845581
LiJbwlC-gr4,1.10181725025177
osAFuMOO9bU,-0.4668930470943451
_wnC0IuxKDA,0.1045897901058197
bk0miFeZOJA,1.4903682470321655
GDOwBvGS-Ks,-0.5974521040916443
U9G1cbYskNA,-0.8850417733192444
vBkGVzWjodE,0.05350274592638016
RKMIY3RbEOw,0.4788985252380371
SDrzNxmJU6A,0.8460856676101685
0juOpwBAnpk,0.11885511875152588
89btf9Ir5ew,-1.589086890220642
jkoiL4eBiDc,-0.786733865737915
-1hANFUO3yc,0.021266035735607147
b6U1FBF5AhE,-0.6000025868415833
HBs7lV2rGSk,0.05968885123729706
lRA5FIOMju8,0.16680043935775757
uCL6ROXWXu8,-0.051690857857465744
H9INUqALws0,0.9272647500038147
8_vHK1oYICw,0.04219291731715202
1Z1n5dZZ23w,-1.1839382648468018
qWnkdHHhUCw,-1.0421741008758545
oN5eweo9s2c,-0.856643795967102
VZ1X38TLVDY,0.09047473222017288
coU5dAOh6gc,0.31660977005958557
CObA-umRL1g,-0.30812475085258484
NHP6DXr9saw,0.07005476951599121
JuJqhZIbgsY,2.192506790161133
XzX5pSRb0I0,-6.985291838645935e-05
QLy76ZsGnaQ,-0.1436823606491089
pvAp5qUCogE,-0.6736089587211609
E3IfD405jkk,0.09481682628393173
0908TcC_3Ps,0.2586018145084381
elw9hZoP4qE,0.028032800182700157
6i98v3xhspo,0.26111021637916565
iwBMn3e9rWg,0.7359298467636108
tM8LZKoVFmU,-1.2109566926956177
RjL1RZ-Or_M,-0.2898697257041931
odouiOMeAvs,0.10597680509090424
bteRMniCZTU,-0.2367159128189087
Zt2aheW8_bg,-0.5820840001106262
hfJc9VGrDPg,-0.5317730903625488
7OUrv3UzxaU,0.5440487861633301
Xv3hGajkyOM,0.15002454817295074
0WCMc4MRLQ0,0.17038339376449585
zYUREF68Q1g,-0.2798982858657837
T-WsLSF8-MI,0.7341091632843018
CGHDpfus6oI,-1.9209914207458496
umv-FnpvOpY,-0.21445804834365845
PLOms8STRFA,-0.5608705282211304
EcHyub_RNNU,-0.3699340522289276
-usWXbVHchg,-0.008563563227653503
xmW3330m5LI,-0.2926832437515259
aURKZFoimR8,0.42413875460624695
xRG6XwggCDY,-0.05108257010579109
vCV-5LypZCs,0.32320719957351685
McyAOzNhBVE,-0.2113860547542572
MPnYG2024NI,-1.4468144178390503
3VXsZ2O7D6U,0.2753855884075165
Hcy6HyG933w,0.02613588236272335
Oh0P3-wGsiw,1.0093910694122314
0dOkAC-ipsU,0.7110716700553894
tam7ieYaAe0,0.05516732484102249
Wcx3CS1uLr4,-0.19747306406497955
1GsnwUj5eHg,0.1569359451532364
J0OEtQFC0rc,-0.3084622621536255
0shizExiSuw,-1.2824835777282715
XPnGxwRlGgY,-0.2991124391555786
khulHuSt9gA,0.2809016704559326
QVp1y-AUAaQ,-0.045331452041864395
fjvDrW-CYrM,-0.24837076663970947
5uMqJcNv5c8,-0.1402650773525238
DyduT9PJdzI,0.6803371906280518
YPCZDU7BCgA,0.02119656465947628
L5twoltocjM,-0.6713652610778809
tZbH2hqdNg0,0.3454238772392273
1n8Nz99mYPY,-0.15681850910186768
pSqWmh5Nfn8,0.16749686002731323
old-kPT3ZN0,-0.8869587779045105
WHmepAmFQwg,-0.11149337887763977
QD8U2N_HJmc,-0.2748667895793915
z35prsmyJT4,-0.4634135067462921
6MXiNa8998Y,-0.8611242175102234
b0OY-OEpAlk,-0.4109088182449341
A0drG2D9J_s,-0.513299822807312
eVhBcDKk9AM,-0.4965392053127289
Fnkg7MjpbZU,-0.3853735625743866
E2qp2as46S8,-0.6221320629119873
oei15qClxsM,0.12176725268363953
v9kmkPwtJeU,0.8361896872520447
7GGZNvcvMzY,1.1949639320373535
jb_gVtYOqjU,-0.7349219918251038
rtIrIfqDRv0,-0.8963443636894226
V7T482zNUA4,-0.2727545201778412
IlP2fPAY5pw,0.04706699401140213
XmLO5WLIgQ4,0.07616253197193146
IWUOBW3HV68,0.4929078221321106
rrl4EU2nUDw,-0.2621315121650696
hYst_kowbwk,1.6618231534957886
Px4nUBuoxkw,-0.2423105537891388
oJQqguQGEYs,0.04155433923006058
7c2S8iJQUjI,-0.46901026368141174
tBNm5i4qByg,0.17249450087547302
y7By1X2-rfk,0.21508252620697021
7Lh5rv7YCFs,-0.26876720786094666
MYd0hzKdulQ,-0.22116565704345703
z5zLOE2Ejts,0.28173258900642395
DdkOmjJY-9A,-1.9723081588745117
PjCfaxGJk-8,0.00206761434674263
WWzlI_JvEvk,-1.0172666311264038
pDA8OgV8H7M,-0.19690996408462524
SL8XEKRktm4,-0.33581653237342834
JbMEUm-d3u4,-0.41088515520095825
kxDuj_--79A,-0.26945871114730835
JDGItI2KjK8,-1.392612099647522
jTM9-nudFBA,0.06058270484209061
hH8hLol-iYc,0.28985199332237244
6GsWaEJL7wo,-0.07865062355995178
4dGW-IcYRYo,0.797629177570343
sjXIN5tJuK4,-0.19340525567531586
193qajOfVK0,0.4240390956401825
yRgH2aAome0,-0.17886105179786682
YidpI7i-wgs,0.5082122683525085
OAGn3NCKE0g,0.26578256487846375
PT9zXbl7Ex0,0.8014010787010193
sJ5kt5g-ln4,1.1098192930221558
UnZ5CZD2G3M,-0.5563684701919556
aiaQLfi3KdA,-0.12950849533081055
xu4K62kA-nA,0.5024858117103577
fMn9hDudUkA,0.8828585743904114
zCbyloIR-0c,-0.9839619994163513
FTSbEDNP2MM,-0.13000375032424927
z6XYIIqZE2s,1.1065560579299927
T3tiXGGigyE,-0.696118175983429
4pKxBvIdyLI,-0.11397930979728699
IBh7tvymeCU,-0.688228964805603
EkepTxmzC1M,1.1280617713928223
vIqzrGh0jGg,-0.22515779733657837
piQsdrDKzzM,0.1340607851743698
jxmwiI-N9xE,-0.8904959559440613
7Q8WQ5AKcJE,0.13823027908802032
Uh7ENa63k-4,-0.3116709887981415
W6XzA0Y-RBo,-1.6252291202545166
7i01PjPznaY,0.5892437696456909
ABRGw5quCno,0.0745953619480133
pTc_LC4ny1U,1.3517298698425293
93Eb___Xmsw,0.5293554663658142
d8LAAbwKCHo,-0.5033969283103943
D9St0pf_4J8,-0.17169904708862305
rEHNTjGbCLc,-0.3534400165081024
7rfVAbqoEy0,-1.4673432111740112
F2C9yDPXtD0,0.44826647639274597
pYLmlW3aDKM,0.49588343501091003
_n4JU5n5eU4,-0.23890775442123413
UaAhKEWEnOo,-0.6571471691131592
S-tE82cX324,0.5722002983093262
KaBDBJ5vu2w,-0.26025959849357605
XERos9dw9Tk,-0.09630386531352997
uUV34Dr2kGQ,0.21824397146701813
GfUS5jIxxHM,1.5177754163742065
UOO6NZU5a64,-0.9246712327003479
MrRHjDU_0nI,0.10872684419155121
GlWHoYhja0E,0.8948925137519836
L9LoIKMVMuc,-0.037743326276540756
FJSqAQYyse4,-0.6537495255470276
vglWityr7rw,0.2793005108833313
IcBq4P5cbzI,-0.051383983343839645
6L7b5UZHOpY,-0.5207330584526062
G9FTqWKcKDE,-0.08037535846233368
vupTd4cyQIA,1.2214925289154053
m5dPzO6C-rI,1.5116814374923706
sZg1QVLsCuI,-0.22313165664672852
tOoeU0stgAE,-0.4609757959842682
ht_FBtYKAcM,-0.3286159932613373
WLucJmjy2D8,0.2528704106807709
YdvPYU65hZE,0.8971661329269409
Emy0C7KP3LE,-0.26328226923942566
uRYRogciTeM,-1.4436922073364258
jUN_eHl0t4M,0.051158588379621506
64Uzvvd6Ku0,-0.24913570284843445
lpQh29Jeyt0,-0.6551833152770996
qhkBw-_lwzs,-0.24529695510864258
JlRog0N0vmY,0.6301954388618469
RJdZdkMK8Ak,-0.30824121832847595
wutaWdQ2Gg0,0.41270947456359863
ZtPKdbceHBU,-1.0945364236831665
XFfKfQhB9_Y,-0.13957417011260986
07kcyoKAeto,-0.7637984752655029
9FNXJFBo4gI,0.7619268298149109
uo-JFfsn-PM,0.31029409170150757
GI8AHKqG5s4,0.21304796636104584
x963CVZEXo8,-2.0444083213806152
r24Lbn3BnbA,0.24858622252941132
1a-maaPSB5w,0.17492392659187317
JmLWlyOehhc,-0.6761828660964966
85QxZunbyiI,0.04003850370645523
H1dUoBXpC-c,0.7017208933830261
XMpuzDDZhXM,0.1757190227508545
ljRLiAuZ14M,-0.22667759656906128
wfgh4J8xNQM,-1.4813297986984253
-NaPv2BkIas,-0.4336923360824585
3_DQmfFjTlU,0.14628420770168304
f969w4TTf7U,-0.06604301929473877
gTLjYedNXgM,0.025093315169215202
YaO5QGVVWWk,0.21706245839595795
bf81rpxnkik,-1.0482285022735596
Ewb5EGOo3_k,-0.4521452486515045
06raOV-glb4,-0.2159401774406433
r3x9KEMyAkQ,0.7361553907394409
Epz_RRpGlW0,0.21337836980819702
V3Wo639LdzY,-1.4208674430847168
ZStzRoEKf8E,1.0093889236450195
raJ7hByCMM8,0.4653480052947998
zR9SolEHVwQ,-0.4131777882575989
CJPzl-9sAH8,0.42765507102012634
7UuZPfZ5W80,0.2946432828903198
a17SaN68T9M,1.093848466873169
HAVKNEgwAtM,0.20557481050491333
S4MMxykwuf8,-0.4812394678592682
jjDlVfF8QcI,-0.35227978229522705
QWuqrAxCvng,-0.66140216588974
hv48omW9RWA,0.45083385705947876
V9BEGJM-pIw,-0.34170201420783997
pUFn4LVXlwU,0.30371859669685364
LVMl2ain-Rs,1.6891212463378906
ucF3q2ukGNk,-0.35382789373397827
8hPgcinB5lk,0.22964854538440704
GdeDv6mq8xY,0.373844176530838
Nc-6j3mHp5o,-0.041802700608968735
khl7sHOQcHc,-0.060776758939027786
DS-L1eNTMkE,-1.5471851825714111
3aonScMctv4,0.1501942276954651
oQezm84EbD4,-0.2555476725101471
IDnFJum4KQE,0.5261937379837036
CSq4KJ67qGs,-1.2994660139083862
NkQm8gwQy5Q,0.5272753238677979
Kjl5w_I12rk,-0.169356107711792
gEzXRuGujGc,0.1307859569787979
2_1mPcj0KRQ,0.29214173555374146
2BnHeVkf9zg,-0.4162706732749939
MEgaHAPYDTo,0.3165094256401062
fOM_wAMxTsc,0.8206493854522705
lwKercT7Xeg,-0.46985891461372375
INWeMNq1D54,0.5879634022712708
faNuY6C3mIc,-0.8627467751502991
ttJcC_LHuZY,-0.16499805450439453
Yv5FyBK_u5Q,-0.24096807837486267
DS1WSNa_RfE,-0.022745933383703232
doajgt2RepE,1.509368896484375
zZKIi4KfHec,0.36544397473335266
vCLVsJ2UWXY,-0.007919739931821823
2wbZTSrlyX8,-0.6284655928611755
ZZgqLS7Rirs,-0.9292227625846863
wzqGQ6VSsP8,0.6864500641822815
rY9P_HaaDFk,0.05781467258930206
hvcHbPR6oZM,0.25778916478157043
Rj6V7HqkFiY,0.5818642973899841
3p_Fgbz4ksc,-0.2071617841720581
3NffY8MuVLA,0.3641624450683594
JeiqMEPEtBk,0.38025137782096863
wBkRtspYV4Y,-0.278679221868515
aGoFcDR7Ia8,1.8985016345977783
kgPzZXSwXlk,-1.1328864097595215
_DXaWmlx9Mg,0.10291533172130585
r7uKAA6aGzk,-0.6199889779090881
j6lIta6htp4,0.3961569666862488
0W-1TMVQh6c,-0.5087203979492188
YE8t8BBTaGU,-0.5677067041397095
Bbxf2VGs6Uc,0.666090726852417
QMYjbLYfZFk,-1.6922625303268433
LBlBnBfnak4,-0.2769257724285126
ZiM3RjJqFy8,-1.070540428161621
PYGQYz-8f1s,0.1882895827293396
8508ARv0lUs,-0.15275566279888153
1Jd8863X4Ag,-0.7448078989982605
Teda7Z3iP2c,0.4441145658493042
CIqMU1YbbCY,0.7368738651275635
BoLaLH_Qvlw,-0.9303475618362427
Sf0UeNLgwrY,0.7761909365653992
8KYusXxiL90,0.5272958874702454
G1iVJExd5vA,-0.3496902883052826
m2XYUvob-EY,0.08986176550388336
qDkghceuV8g,0.5698890089988708
JmLm5Ilujq0,-1.5341956615447998
04LiYKI0gIo,0.3719790279865265
vqMbH-OpuF0,-0.045883964747190475
d1Ygus5mD-I,-0.1728084683418274
DmzWZ7-cr6I,-1.5976804494857788
kuOIN9ZI-1U,-0.8927464485168457
o_8jjYUu9Sw,-0.15334312617778778
WdCsQAgr49I,-0.1428837776184082
gMZAAwaYoqU,1.196887493133545
OoFZH7Q1RGg,-0.7037132978439331
PwO7botPvX8,-0.666031539440155
p2QtLboMQtI,0.10334958881139755
LNEgsLDFCKM,0.6192668676376343
s0SkQkOhxQ8,1.1795926094055176
NsBmZpAvRKQ,0.1072053611278534
72zimobxA8c,-0.03775332495570183
Y1aqkPNZCqI,-1.6886554956436157
O5j2UJSQw8I,0.6518730521202087
mNRDH40TbHE,-0.9582448601722717
2uwRmrlB4L4,0.017565075308084488
Y8JuO-1C8-E,0.44656193256378174
5DkKB7_xGUc,0.5085838437080383
t97skwSP0mo,0.4143657386302948
r8IJhEgaUcU,-0.24118363857269287
GOlTPPq-yFE,-0.21494311094284058
dCI1hkOdq1c,-0.09706602990627289
8opTpXn6ew0,0.4795010983943939
eD2ga2nKPM0,0.2727667987346649
vOYFHlBMXNs,0.032082948833703995
_c1oNZp1kEw,-1.4103739261627197
eGVCnFmxoIU,-1.1753277778625488
Reeg4Si0VPI,-0.613096296787262
3dS2cZksOxw,-0.1919441819190979
Ti0wPu5oeok,1.7078673839569092
3HaPn0NwuVo,-0.2714586555957794
u_2qRp8y9Vg,1.1542428731918335
OaOmOi3EOcA,0.4660099148750305
MDKa5lRhFJ8,0.0342065654695034
AcsGZf9vCAM,0.14928796887397766
5yOwCsF7KU8,1.318932294845581
RLhYJtjSAQE,0.13852937519550323
ohTd0Vc3SaM,-1.1410515308380127
2MNWKyuhC8E,-0.08241438865661621
dQsZUPIVAGI,0.1831553429365158
k3v7ouI1Jk8,-0.34883779287338257
btWI_pGTYF0,-0.6608640551567078
nGjG5M_VT94,-0.4538404643535614
HBk5MUUO8AU,-0.4562459886074066
Ux_rD8wAUWs,-0.43466490507125854
7hOlri3g5WA,0.0115203857421875
1QQX5oVV4Bc,-0.4105583131313324
xdvNpsiggFk,-0.5551078915596008
ctn-Pqf_Dg0,0.3415531516075134
Mb0z4wRmEB4,-0.49273744225502014
fJovhSU3d7Q,-0.42499834299087524
OU02OxIcTqQ,-0.023286227136850357
dInFWKAvxuY,-1.336204171180725
tEEU4PKyG3Q,-0.3539736866950989
Iacn0f8JuPQ,0.29642900824546814
9yQGQUBRxi4,0.5290643572807312
ZLeLCnBwHkQ,-0.17793747782707214
EJcOXHK-Gfo,0.1480531096458435
xHQBAIDZhDY,0.1613548994064331
giBJ0gLSwr8,-1.1008384227752686
1fmRvapMlMQ,-0.7590368390083313
vvKXR6GtL6A,0.16585534811019897
79JVUnQToU4,0.36488601565361023
d03GxC2IRaY,-1.2695163488388062
xhl5nTKHteU,0.17854413390159607
YlJwv0XieIs,0.458147257566452
NW43pbWYDao,-0.2036662995815277
SmmaVLwx4ak,-0.21823006868362427
xYr2SLk6ETI,-1.3861051797866821
1Ul0tZifG-k,0.3246157169342041
OOZeLIgXvPQ,-0.5707712173461914
o2t-tAd6kNA,-1.2985522747039795
GwOkNZPwTNk,-0.529639720916748
iiSCjdiHKjs,-0.9500726461410522
PqPp_BGUH0o,0.1772731989622116
gKX8dW4Hy8E,-0.75038081407547
B11MayxEUVc,0.12098564207553864
fnCjBmIy8ls,-0.28650331497192383
AL_D8uyFE00,0.7337059378623962
Ckkergmy4tE,-0.6479331254959106
s-MqbEzcD2g,-0.08733230829238892
qyzkqfX-_zk,0.4564950168132782
vncMkt6rxk0,-0.005950089544057846
2KUwFYeX4oc,-0.23313093185424805
U21G4ygh-gs,-0.18343296647071838
i-kUHtAHikw,-0.19253669679164886
GHn6xdoFLvM,0.08136532455682755
d5h-sr2g0CA,0.061296239495277405
ljmUVrcTdWs,-0.6021374464035034
rMHAcpfzcfM,0.12059316039085388
tlCTOSaAV5s,0.8517075777053833
66oF2UA98jI,0.06136537715792656
28FZ3ufPemo,1.077715277671814
cTuJdGv-PF4,-0.6207046508789062
pCIhOzA63D4,-0.08697956800460815
k91kk1mrt10,0.31802767515182495
D7xpUimbWv4,0.03467921167612076
x92z-TRiRsA,-0.2140331268310547
x8NuP2HBXaA,-0.3570376932621002
RCbxM2Z7-ng,0.5213226675987244
h39EEVcJZq0,1.3617925643920898
ZK0wUW2mzbQ,-0.1753706932067871
u1y17E4mYgc,-0.18204540014266968
m9ZNqRDaOH4,-0.3021511137485504
mLsngkQdQNI,-0.8933945894241333
5o_mZZHRiuQ,0.5426933765411377
HF07hpFU2mc,0.40664365887641907
iJxgfRZV9n4,-0.31578096747398376
liTFtuSaeaU,-0.3242933452129364
xDnJ2E1eXWw,0.6350721716880798
SEGrCLz-q-s,-0.4579385221004486
tDOyXzGkG9o,-0.0733305960893631
AlL-KnsLC9Q,0.5644925236701965
_8OEhCpTb8M,0.16461455821990967
yAnu1Vu8yMQ,0.6763433218002319
A-ingqFJf8g,0.012771893292665482
wpZFG-MzlrY,-0.6333730220794678
j0UAlCCJ-hQ,-0.24470576643943787
4kTKpxH5YOA,-1.4030017852783203
QUepkz_3xmw,-1.0775480270385742
fCjLATUcR08,-0.23171159625053406
KZ3oVRM58KU,-0.21566691994667053
Dtbzomyo_gI,0.7798115611076355
bmvBtPYYlio,0.4459910988807678
ScoMfGUuW2Y,-0.3999931514263153
8xWjRudG8uE,0.0316317081451416
VL1dMFIy_W0,0.2651856243610382
g6KUI6tWklY,-0.0642022043466568
5BPk9ZQLcJg,0.40944504737854004
sgp6kxWyRH0,0.7741143107414246
R-UhQjxzhh8,0.3461374342441559
zLDEtq1q3UA,0.5311077237129211
3hLp_eoGg0A,-0.8912503719329834
F96dh3NbTj0,-0.137827530503273
RbD2ifSIkSw,-0.28888583183288574
IIQAz1JqBts,-0.22370034456253052
WgiLULUT_IY,-0.1252398043870926
ta0y-zZK3Mo,-0.18360839784145355
nVCNh6_YpI8,0.1885606348514557
kqRuvLf3aYI,0.9381251335144043
AKeECGOYmD0,0.4585380256175995
lTKAM1B8H48,1.1381515264511108
SOaYOlp1j1M,-0.4219798445701599
O9mZSVRAxy4,-0.5449531674385071
3Is6tnpQlsU,-0.05478854104876518
Nuz5UqLqVlY,-0.6980381011962891
qstSlOuI4Vg,0.22271662950515747
pvXoA33Hm_o,0.3502333164215088
krI-YtI4voI,-0.22298172116279602
zaWtU-uXQYE,0.030218584463000298
XF3RE_k7Mzs,0.16296716034412384
i7jW0n0NIP0,-0.5147359371185303
zif44Fd-wec,0.4744657576084137
csiQQ05lOxg,-0.013770829886198044
SLMl3dCW-l4,-0.34305962920188904
mTSi-NXsYY8,0.40516409277915955
Iu4u5bmLoTI,-0.3656472861766815
wYIvBLC0fpY,0.4270167052745819
i6gozTwA3KI,0.1808152198791504
1sKEfFQInwI,-0.39700615406036377
oSWpUwJHOnY,0.09689394384622574
8S2T0VVruDQ,0.22915072739124298
xXEgfiicavI,-0.2669796943664551
yvgYM4_aLpU,0.0310934167355299
Dhwcc-iiNJQ,-0.42916905879974365
IcqXR9utuec,0.49539029598236084
bMextS6Wy0c,-0.050428081303834915
y6neDdEOVQQ,0.2699691951274872
hZiseI9HWP0,-1.1303242444992065
tRqXcx7dHao,-0.09231925010681152
9_150DoofU4,-0.19352616369724274
TPqz2nIE4ig,0.14982248842716217
_IjenPrm1YQ,0.25742822885513306
m-l8eAOW6Kc,-0.21645167469978333
pkHdYmDD6HM,0.38678622245788574
7g6TQI4GAMY,0.8877618312835693
Z-rpUTcEA84,-0.352031409740448
mzWQfVeUJ2M,-0.28087013959884644
CGqEi-Pr-UE,0.8071484565734863
VfvnjcEJ0RQ,-0.19708016514778137
qVfTaGMLNb0,0.10144732892513275
ahTS1wLQxrE,0.13854913413524628
DPfxDbhj-NI,-0.2524854242801666
_Zos28Nr0ro,0.14384186267852783
CMH6FpekLvc,0.19412672519683838
4YQcU8kJldI,0.7822384238243103
RCqi411_KaQ,-0.49142929911613464
1AW9pvdfiaI,-0.401676207780838
z_SOqGI0QL4,-0.7689468264579773
NaA8qu6K0fQ,-1.236541748046875
CuSTwkFuqB4,-0.9859858155250549
WK6PfVJRlzg,-0.34931710362434387
87QkDRvJdjA,0.0749809592962265
oRZ1vF-Q9Ss,0.382539838552475
knJmRuEmNBU,0.8233187794685364
GattVXDbo0w,-0.6458033919334412
8xKQwhTy2SY,-0.08589309453964233
DQM8ytWbc5Q,0.1334380805492401
SVrx5bkV2vc,-0.2929523289203644
Wwkgv6ADNxY,0.3815143406391144
ZmRIQUUMVYM,-0.1556692123413086
S3352bb4sNc,0.1971721053123474
9Wrpt0T_KRw,-1.329030156135559
qxhaGrUbAvc,-0.2328803539276123
NX4_UlbJUL0,0.03374370187520981
cnuDf74AQjw,-1.2690398693084717
Ki1bCJ6KY60,0.7400104403495789
WVDX4Y999WE,-0.024541441351175308
FxqT6UAKnoY,-0.9425241351127625
FH835IFHcR0,-0.05390292778611183
BsgBsGrTv9M,1.36797297000885
-0SrlZAvSVM,-0.20495450496673584
aw22wny-qqg,-0.7291123867034912
XILxFv-NFKg,-0.0004632584750652313
W45i79kX-xw,-0.3214952051639557
ZYK7n-TmCKY,-0.023892883211374283
uWP_vQRMkuU,-0.3981240689754486
KQoB9YnJc9c,-0.7335757613182068
pvTZ38ID1Z4,-1.5428963899612427
QXPB8_6dNvE,-1.2299522161483765
4Y1GV2N_zcE,0.5148540735244751
vJEEDQge52M,1.3381412029266357
mgH1FJLCLiQ,0.6216237545013428
d3qf4GGNeFg,-0.2109186053276062
9470Z82gN9w,-0.6331109404563904
et6rfRJC8D8,-0.12586045265197754
i25Haz6Wsoo,-0.16150499880313873
xwcBbUw3X3w,-0.8525040745735168
WE8zrUJb0Z0,-0.344920814037323
hzZqxCry2Lw,0.09570448100566864
cnljzcmqIKU,-0.08027014136314392
aAgq4tzZYS0,-0.08560521900653839
McoaOJJyiEI,-1.6892491579055786
jpeZhB7DWww,-1.213753581047058
l9uaH6bXI4k,0.6774340271949768
51U-N0uE_ic,0.8465872406959534
aKL4uRiYvlA,-0.7197648882865906
5OGbdtqq87s,-0.356923371553421
C9QNEy-t2L8,-2.7260377407073975
NidXNBQn4LM,1.4488654136657715
n7RrzCznnWw,-0.15517929196357727
yI9pBcqKbFo,0.12611769139766693
RDx83vsLLKk,1.200049877166748
q5bGO6oU_u4,0.09984292834997177
vLWut05CHwE,-0.040428321808576584
XR0gevRvuIo,-0.320537805557251
u5ujxg3xoyY,0.4421556293964386
GZr8lTxmG7U,-0.3288801908493042
H9lurJXnzE8,-0.3165486454963684
uikPlL-AOzw,0.7586385607719421
Y1ignag-NmY,0.9217843413352966
W2KeB-MQnuk,0.2830730974674225
85QwHnkj9QM,-0.20131145417690277
McUIRVe9Zqo,-0.287634015083313
FA2W0MPO-IE,-0.522236704826355
AVcLO-fikcE,-0.14477048814296722
InSZ6ako77c,-0.18617844581604004
Rr0Pvozk0hI,0.15963061153888702
awXPdVGlNTQ,-0.6272414922714233
BTnbUBDINx4,-0.6261240243911743
XXjIGR-xZPQ,0.515012264251709
eVIZzvAojnE,-0.27303633093833923
g2FfuLHotmE,-0.24422624707221985
go9qEX6qgCI,0.6165372133255005
B2VE2byys3A,-0.484379380941391
CqtsXhgCKpw,-0.5012970566749573
HiGLBAFNTSk,-0.029827658087015152
_vPzvqdHTGk,-1.4546761512756348
DVY6KvwxInI,0.008890558034181595
ZAtcQettKHU,-0.6416000723838806
sdfFbbTGT5g,0.6774083971977234
a2wpvc96i24,0.22137823700904846
KWx5qfKQ5Ug,-0.8900930285453796
tC2OUnX2fro,-0.32353508472442627
FKUBdWwv23E,-0.8789776563644409
37MCpmJuE-4,0.43874186277389526
NqpDlibFYGk,0.839455783367157
4bszRixJjLA,0.1798340529203415
ftVvgPGv4Ng,0.04253865033388138
ebJG0XhODaA,-0.4569050371646881
Jr1aH_KVfrc,-0.04825260117650032
aLrU63cleJk,-0.35451409220695496
Hd0-nS6x_Go,0.47204068303108215
A5-24n8y2uo,0.09097741544246674
1Fapc2Qx9jM,-0.2681066393852234
A9rYUcT6cDU,-1.4513617753982544
1Y66iYe-LaM,-0.29706472158432007
TXxP6cSPcT4,-0.5093783140182495
ifiZW1Vi0xY,-0.30149081349372864
m2o8cImKnnM,-0.7535144090652466
C8DsvN1lh60,-0.42740973830223083
E50QBLH4Mx8,-0.36900731921195984
0pCYATqjgr0,-0.4659048616886139
TlNaDZ4N4_w,-0.2320476472377777
i2DWD_c1az8,0.13951842486858368
haHuDk3T-kU,-0.023107100278139114
Zgw1DYE6_cI,0.4137396812438965
6k7jVptP0ow,0.2881912887096405
U4dq7PeyNrU,0.31994539499282837
Q67VC9nJGik,-0.23765107989311218
mLKkdtzBnik,-0.5999463200569153
EIRDkHlhz-A,-0.9309849143028259
li7g6VfPJdo,-2.4036757946014404
XlfuVXv1NGw,0.2955874800682068
9g44xHNmcHs,0.4223736822605133
GHhX9eMKpvc,0.5353038311004639
NW3CtZL05Kw,-1.286468505859375
SGJU_2Z6w-U,-0.27861276268959045
2RB0BCx8Bu0,0.18587924540042877
K7VqNAFk-GU,0.36824578046798706
z751VEtgFKs,-0.10530668497085571
4vMTcWC6ATo,0.010390549898147583
Y1-kaVdxRs8,-0.7815364599227905
Xx1cxHH28J4,-0.05565742030739784
tPEZhLBVBh8,-0.3406212031841278
J49kdqrvSfk,0.9035661816596985
EonlnxzpKRY,1.3648256063461304
imKbGsPicgc,-1.0413790941238403
Qaxn-Yk9g_0,-0.7551680207252502
QSca0oCZt_4,-0.06347277760505676
c0VPJWt_f0w,0.679280698299408
CthQrwjR1yc,-0.38122549653053284
o9ylPOgpmwk,-0.03447996452450752
6z90c4ncOs0,-0.26855337619781494
BvAlR0ojkhE,-0.13158148527145386
6JZvZc15-6Q,-0.8000562191009521
RK_xlpioYds,-0.506119966506958
dC14n0qv8ts,0.8766227960586548
AnZ2ZExQpGo,-0.4424390494823456
molA_wwvFbk,0.4862177073955536
PwMeiJ7hqiw,-0.27371805906295776
EZf8SDTMmls,0.5009129047393799
bwq26bIBMa0,0.06748688966035843
IUpVg1fpviQ,0.337846964597702
jbK99ocURB0,0.2372961938381195
if3VeU9i8hE,-0.29977884888648987
5MfHrFRy1GQ,0.865596354007721
n0ic1dMqM5g,0.07467781007289886
5NJ2DgfXgOA,0.6129201054573059
ekNRScPcX-w,-0.23636186122894287
Y6ZNjBz1_40,0.8337069749832153
2a_UMVGFnL8,0.46725767850875854
0Twt4nJffc4,0.05929011479020119
BcHUqoymcaY,-0.3232332766056061
3-s0UIYc66U,-0.27963051199913025
DuDL6OtJ0Jc,0.37025585770606995
v1RKPdYLklo,-0.3817289173603058
fvD1Db4bNdU,-0.9821191430091858
S28kGXFmXSw,-0.7543056607246399
d_jk4XwyBe4,-0.7043657898902893
YXZj8OUJCIo,-0.7878760099411011
_HgTxHKOj0o,-0.9524355530738831
7oPUJ5YLmqw,-0.1733444184064865
Vk1_PutEGf8,1.073596715927124
fSi4RkGHbp8,2.543375253677368
-PxHtAU-l9M,0.4231608510017395
_Gs0X8tYbfY,-0.015288610011339188
5n-Mrwkxjuk,1.1910061836242676
Tj0o48pOiZU,0.2465910017490387
Gng87wKaK9M,0.8555982112884521
o860sXwHz3I,0.41787371039390564
dbclK7B_0K4,-0.8666399717330933
od2B0DvmYso,-0.008189372718334198
uNuLOzTU4AQ,-0.16158492863178253
BbOhqpHTOBE,-0.05842352285981178
hbx7KyukRFk,0.4806072413921356
M6c2nKLr5zg,-0.6466308832168579
6ICSBFjbrS8,-1.8718795776367188
01r9PMBjMK8,0.5462478399276733
xLSbOrmpRGA,0.01855926588177681
_Sud2gQg2fE,0.031000707298517227
AEBlIcLEXJk,-0.42595967650413513
y1etSFdcBlg,-0.48131540417671204
5F-SiuDJDY8,0.34067612886428833
TTFZo8Da1P8,-0.06867046654224396
gYlV0AnUcJE,0.37019458413124084
UYdQmjJddgE,0.1956939548254013
uJFU_joMe80,0.19582132995128632
LwcR-QxQBIU,0.2961921989917755
8vrtVEBgdx8,0.7512957453727722
KTweQirLF10,-0.4673377573490143
ZC2_Jq_xENo,0.0016770772635936737
K_X4yA6FLBk,0.1639045923948288
dJ96bP7oaB8,0.5168748497962952
ponhmYEXpEk,-0.657559335231781
zsGzmaP-Svo,-1.7670791149139404
KN_h_S1LYrQ,-0.5599848628044128
j4OGhj6p7k4,-0.8888903856277466
tCQsickZYAc,-0.7955672144889832
7EUFHFuu6kU,0.8124833703041077
i_4FWL_8gM0,-0.04818106070160866
D1s7UjSJrW4,0.29106369614601135
lE8r65AXKSE,-0.3380565643310547
b8-h7raTYSs,-0.7791846990585327
rnBtRoKDxTc,0.4326581358909607
0JNZcXhEY_0,-0.7037049531936646
gmEZze9NV_k,0.9768104553222656
QaPsMHQ7Jmc,-0.5260745882987976
aHqTn-PiD-0,1.102076768875122
ATB6TJeqtfs,-0.49002352356910706
evY80rV09BI,-0.689933180809021
oqc0fKxUthQ,-1.357223629951477
jYlosSo79YY,-0.7863196134567261
4ADDO0b-RW8,0.5178154706954956
XgVkQTci8ZU,-0.2695416808128357
0AL2C64Gg_w,0.2944619655609131
mo076UiXdhI,-0.5593786239624023
buH3Cdk8H0c,-1.0330201387405396
D0VZo5NzJWc,0.22090327739715576
SyhSUzvC0w8,0.335892915725708
s_gma2NJXjY,0.5568415522575378
RuUgrTPnuVE,-0.7925719022750854
HPmYzynCKik,-0.37562069296836853
m1YGE-gcw98,-0.026577632874250412
2MQu2ogLccE,0.0455625094473362
oMbHU10dYFQ,0.10595425963401794
QSod6wcsV0g,-0.4208362400531769
c56bqHOEaAA,-0.2317245602607727
IOIfabp4pLE,0.04435815289616585
CLx0lgSMy5c,0.660454273223877
NPHgNoPAVII,0.01375848799943924
px9sQUJuIsA,-0.06052396818995476
224Az93zZ6k,-0.9988474249839783
oZi1Ugq-DaQ,-0.018720682710409164
oSK4L7O-ceA,0.6405146718025208
GumEGN0EFOg,0.06367167085409164
g23a999UH4g,-1.8469904661178589
RM7IY_YhJ-Y,-0.5457964539527893
PchpHSa2-yU,-0.10713280737400055
kh9xt91Wb3s,-0.2954123914241791
nrBObnhQlT4,-0.41394731402397156
OAaSClfnsTg,0.48372572660446167
P9VSgkuQxcA,0.4829889237880707
_-GPFqatuo8,0.02535841055214405
DRRtXRyx4ko,0.08088649809360504
gmqQh2o9K-4,0.2973787784576416
VhFtfYMm3Y4,0.9899912476539612
PuNBDR6buRI,0.10132016986608505
P6FRHgpiwxU,0.996647298336029
URvIKMxxHaw,-1.319077491760254
XCSqS16Lrxs,0.9912465214729309
7RFntgt7gW0,0.4616454541683197
NjyqUz_N8zA,-0.11408507823944092
is1Xw1VAPiQ,0.20469440519809723
d1XO2QxlYOE,0.6020538210868835
I1NydO9uCow,0.40878742933273315
PAbVoXUniLE,0.24191905558109283
pgUSwgmssjE,-0.41271525621414185
WFpxb2u_hYI,-0.25321999192237854
G5v-NF0Ybpg,1.0578194856643677
pHQBlHh_9-o,-0.2528308629989624
x1THgyqBflM,0.013490725308656693
L5VYSVf3apQ,-0.6653972268104553
SrxNZNRjwZ8,0.09811483323574066
1caF2CUbbSw,0.6816020011901855
Cgr8y5U_LNk,0.6449556946754456
yNwCyIEeVp8,0.7000128030776978
y7MWT-odiWs,-0.3584900200366974
-hc-TOjxg_Q,-0.3350449800491333
S2TD6I_tYBQ,0.13820141553878784
g7_z-bAjTPo,-0.5585080981254578
-CjFvtF6RBQ,0.24227291345596313
-46yPQDxfYE,-0.09232518076896667
vy8fgfEdpQo,0.3130214810371399
Ue8HqdIrjko,1.0477648973464966
AUvM3-CnaR4,-0.6326988935470581
ntxZJCmG4lc,0.08740691840648651
kkE4CDN-ILo,-0.5343281030654907
43t4r9KpCQk,0.27770861983299255
ZYd5CArZHFA,1.1820104122161865
-37nwIsz2BM,-0.4112514853477478
rcH3yISYAFM,0.605431318283081
eP2G4BjkmHQ,-0.5946078896522522
wtsJU6ruiD4,-0.29758161306381226
xQ__lC5skHk,0.0460355207324028
-FtJo6818aA,-0.39280009269714355
HYMi5BKW4Gc,-1.0857352018356323
Udu77OnLrIk,0.44914886355400085
wyE_xujH8-w,-0.18819832801818848
tG8IaFozyM0,0.24492697417736053
pBy1g7gbXCQ,-0.18171089887619019
x0Nf6XtA5oo,0.4862918555736542
vb4WWdpZzK4,0.6641015410423279
tqQUIKY_UU0,0.13991892337799072
Cqyb02TKBSE,-0.1350509524345398
fn7EUfHMOVc,0.06526599824428558
jqkWEzBCttI,-0.20675131678581238
osnK4OU_iZM,0.09846032410860062
6YZEzATMDQU,0.10949961841106415
PPNSJrDyjws,0.3494749069213867
ryEJtzOlPjM,0.8044303059577942
89ylfRckFCo,1.230672001838684
7GjJef2QkQU,0.06695593893527985
9adIGKWBeYA,-0.608444333076477
kpx-QcJadUA,0.3795856535434723
eOQJWqeFuzo,-0.30645421147346497
OzYwE3Tst1Y,0.4303472936153412
Hz1nBeBKmBM,-1.4621063470840454
usa5hgwunJ8,-0.31502416729927063
W4d0BLU1FTE,0.3037272095680237
TMqXuNwrUX0,0.1521383374929428
22U8P7ZfG8g,1.382531762123108
sH9uo90lfpc,0.33875107765197754
IIcre_mYZLY,0.5295400619506836
I_82TBLsRso,-0.5749161243438721
XlyzbTsRwX8,-0.20934560894966125
FLfdk9JaVZc,-0.07251912355422974
TYB38SvKaVA,0.7778016924858093
hj1jLNHOvbM,0.4319072365760803
wq7oJgpRqrg,-0.35612890124320984
-XHJwKArNbE,-0.548905074596405
zc9BxEtlNeE,0.1740766018629074
b4W9-qQL5-o,0.5720070600509644
pthOtOLKbIY,-0.52823805809021
Hi89LXljmd4,-0.8846388459205627
y6Mr-4i_p5U,-0.4324478805065155
4nOJRCFcjXo,0.6166976690292358
Wk6cSX0fg9I,0.39315083622932434
bZ19LU9VzEk,-1.0442860126495361
SRvF5uGOM7M,-0.6968124508857727
MqkoltsGL9s,0.2354283630847931
8Q6HtTQmY_g,0.11747641861438751
oxX1LNLS8Tk,-0.16104355454444885
Bba7raSvvRo,0.7847071290016174
_wqtKGIaixQ,0.28867843747138977
21BudJFEcHg,-0.05079099163413048
S5Cun2afm3U,0.5652240514755249
7dqjC-1rc2s,-0.07380528748035431
7dVMeF-dkAw,-0.5072855949401855
fOt0essPR40,-1.0930745601654053
pR3gHHJ897w,0.09386102855205536
vgXWmC5oS9g,-0.03524019941687584
cP24wK-J9fo,0.2254287302494049
YK_zFu7bOtc,-0.31138667464256287
7eq3vVSoU-Y,-0.47966286540031433
Yh_8AFouSBM,-0.010354366153478622
sOhhzu4hhi0,-1.310547113418579
vmSbTWgf0uo,1.3679875135421753
fQH39Sep-ug,-0.2720964848995209
etqxFIDCWbc,-0.6273532509803772
EE9XJm8L3DI,0.18978072702884674
voRUGkP8-HM,0.15741775929927826
TXykqZ9iROg,0.026030153036117554
1qbxUjtPjI8,0.07767688482999802
9d-DsqAGvFE,0.9561560153961182
nBsaL2j0n_Q,-0.46686896681785583
0TG4hTYG9Aw,1.883388876914978
IL_7t0G-i0Q,-0.31484001874923706
CgmBJNN13T0,0.23645420372486115
Cy5GGRJ6_2I,-1.2722389698028564
jKrTvY5SvQk,-0.8895366787910461
LvV6PKbhgWg,0.20426686108112335
O22EEQwJu7s,-0.5354169011116028
q8uECGGSXx4,0.08083890378475189
EOjwI-rUxcc,0.5242189168930054
WXkJtGWdFus,0.6108067631721497
SEV7gHJRE0g,-0.15955522656440735
mu3YxUxG83w,0.5355759859085083
BKDgmmu-Ncw,0.30321598052978516
v-JsXIM92Y4,-0.7745044827461243
_mGGP_nKKCQ,-0.52273029088974
nMfNxNkBgjI,-0.18866205215454102
k4hrSAB5Gs0,1.1953718662261963
ofoFzMb7tN0,-0.04395681992173195
jdgLqfRMSUs,-0.542151689529419
n9nEg8_exI8,0.7049620747566223
44XaL27xxnU,-0.6514484286308289
_sbfN2XW4AQ,-0.16715878248214722
UHHy7HBQKFo,-1.5900417566299438
oor-pztfS44,-0.4321741461753845
bw6YytaRTsA,-0.02405732497572899
-pBZ1yh-LYM,-0.176437646150589
H8zBQvxXwpU,-0.5240521430969238
NJ8wrTqMrbw,-0.08903132379055023
kKfvjvTJKbo,2.4241838455200195
E8ZRf_CJG5s,-1.1118379831314087
4zbwBo2_XZU,0.4784833788871765
_YDjfTQu8S8,0.03956140577793121
wwJPdHza6WQ,-0.1905546486377716
5FY5bF0ynS4,-0.5211057662963867
bxGXHxPBZDc,-0.27617087960243225
GTooBzj9ytY,0.08072328567504883
bZ5CNBYdBTQ,2.9213764667510986
KtfcwCDCl1E,-1.3684344291687012
NskD5y8b7ug,-0.4932176172733307
AwDWdYDVG18,-0.4925514757633209
6roIVjov4hw,-0.5358009934425354
dgGeu-EgZe0,-0.6767974495887756
4ainIqdzl1c,0.048066891729831696
43BOdcifKjc,0.7659469842910767
Lph6ZxrsqGc,-0.016521502286195755
x2topgYtnmI,0.42811062932014465
0apynjzrVO8,-0.31300270557403564
tEMi25cyr2c,-0.028754476457834244
J8jSjaXi3Vs,-0.2873007655143738
VliEAriMU4w,0.7722670435905457
5Zhuk2Ku5zA,-0.10951977968215942
qbv2M_LKloY,-0.20791488885879517
1KB3FM62K0g,-0.07676973938941956
EesYWqPVxqE,-0.6239901781082153
EvzZyNelqlc,-0.6549925208091736
KS-YmFGbX3A,0.7142549753189087
fthC91N11bU,0.33601507544517517
S8lhFgfF714,-0.3381480872631073
IGGxVb81V88,1.2308149337768555
GhbCCvn7YwY,0.21810775995254517
eyWRrrsRjXQ,-0.8141589760780334
9vwnoDLu38w,0.18763849139213562
3q22SrJ3Z00,-1.4942970275878906
ZRxf9HmSo4k,0.13077037036418915
sf-zS6lzgUA,0.3538876175880432
gBaMobRB4h0,-0.11041373014450073
hDgg3YTQdZA,-0.03487609699368477
h_ra8ahZlQg,-0.5868480205535889
5l_gs_MjmKc,-1.1712925434112549
MyqoRlnJIMo,-0.13354820013046265
xZJZCmXtyiY,-1.2037684917449951
hZhiwppXdJ8,0.0336156040430069
Hxbv__KVfFo,-0.8478164076805115
RKD_Dsf-Stg,-0.2128351628780365
aLqqm_dFU4Q,1.1536824703216553
VPw7FWxo3Vw,1.3015153408050537
l3eLKRad3-0,-0.3148173689842224
OS42x2Fwf4Y,0.4642191231250763
M-AV-bctI1o,1.4369785785675049
lBcmW-tJLo8,-0.2991819977760315
rcedcqAUfEc,-1.7654529809951782
5wNv4uzh-6s,1.0140405893325806
1RKPmZGb9Wo,-0.047369975596666336
IlAtJN7Skak,0.5925828814506531
KqLFFE0HaEE,-0.24377325177192688
7n5L5E88LtU,-0.6426539421081543
wExo-834cr4,-0.7676127552986145
lIhk_e2i1i0,0.12855850160121918
EnYbID5pCV4,-1.5980912446975708
Mt7HZX2caAs,0.642551600933075
WHHbTsfvKas,-0.28282228112220764
31FgTecR62U,-0.31567350029945374
dXhCSXsk5lU,-0.6040260195732117
ACdrsEPIzBc,-0.5523712038993835
b4G32_spJvA,0.4679710865020752
JMUOgoRDfmI,-2.059514045715332
l-3M0ZF4fE4,1.2853535413742065
XgTR-AvnoOk,0.5612524747848511
KfxXC_SKfCw,0.4778541922569275
0joNrIz8hfU,-0.3732616603374481
AvYw6hf5qxw,0.21662801504135132
IehPbS9fbPY,0.5017381310462952
VLtm1xnAOPI,-0.2055797278881073
Elk0CoMpY-s,0.08783715963363647
ScHuDiWFTTA,-0.4950820505619049
CnRKzbhaTSs,0.934049665927887
yCGszBaZl4o,-0.12254422903060913
WDQ8x7MkrSQ,-0.15491586923599243
FXDqpo0tQvM,-0.16519862413406372
WEuxHij-MYc,3.864274024963379
Rfos56t9HB4,-0.10155902802944183
5tGfJlopVqA,0.7849857807159424
UGQuJp8tO7c,-0.46199432015419006
28WBg52uTL8,-0.2131217122077942
kIzaAvYMoH0,0.20030821859836578
-jGz3RyS7PA,-0.9483079314231873
gt2w6Hu7i4U,-0.6686241626739502
oqhj4yWi3nk,-1.3073241710662842
lkbOfTim4-8,-0.44921621680259705
bY2_qicaIGc,0.523411214351654
8ouR4hNwbZQ,-1.0550203323364258
pkhimcLzks0,-0.006788671016693115
jHIHQQmZKYg,-0.559884250164032
lnv14O_jTAk,-0.2105996310710907
LCf8NXua6JM,-0.20829710364341736
OmfEsmyBOKg,-0.22052958607673645
IAjLsdIgpcg,0.20955930650234222
fMe0WgPifkE,-0.5847566723823547
OyxwgJWJqIY,-0.562485933303833
eIEDJazrRrM,-0.575286328792572
b1MwqgX_RgA,-1.090041995048523
uHN4jx3tplI,-0.05029129609465599
1AQcP2Lc6TQ,-0.4644618332386017
LxT5FW99d3o,-1.9166879653930664
dX47SxhQ2xo,0.5483744740486145
32X3rf46mBE,0.21817146241664886
fxtDRVJle2Y,-0.4367782473564148
euWEIRFcvME,0.8467073440551758
v3A0OEq_DGQ,1.305854082107544
iz9Z1iJM1Uk,-0.240675687789917
jZPfK9Ggzkk,0.7991288900375366
w0oY0d1PL6k,-0.10702112317085266
sLmkcRaFaVw,-1.4783060550689697
o5rXZCwnUiw,0.6511898636817932
Mo8DPAkTzu8,0.6571711301803589
h0KKKZfWqhs,0.2733747065067291
7SuUXCPve6s,-0.39915013313293457
vQ0EHpjAxjo,-0.5758047699928284
vNOm0Xp-cSc,-1.063432216644287
CNYNVCZW68U,0.9621749520301819
nBGYjnuLHBs,-0.22358790040016174
KGjJvsW8Tmc,-0.39231738448143005
xruVpY_2s4Y,-0.12981267273426056
ZZGOqOCfthc,-1.495879054069519
MxH_MkmpkAA,0.6915671825408936
w0a0dzURQtk,-0.0554925836622715
lc08hesGUiw,-0.5355251431465149
mVm-4mG78TA,0.8220232129096985
yWzkIsb8EBc,-0.19152876734733582
wjyA1fwZQUk,-0.9123920798301697
A2UDHU2aZRo,0.43756765127182007
4HtaroXfhQA,0.1614808738231659
8P1715hCiYM,-0.8116105794906616
wzws0q8mIBU,-0.5379848480224609
EC_lCQ0Cdlw,-0.7688579559326172
7KCB2g075TA,-0.2947218716144562
W65wUgoDCE0,0.48294535279273987
pEAlZkNW2tA,-0.27585241198539734
rihyb7ObG3k,-1.2742018699645996
NXeOE-pvdk8,0.1759326010942459
tX344LwYFI8,-2.1378958225250244
tBKpNGbOMSc,0.0036265067756175995
hgxdZZKR-KM,-0.46962711215019226
I_A60eJaKAA,0.4076997637748718
TvoAxorui0M,0.6952656507492065
H2ie6egMLdA,0.7214073538780212
-Brc-IcBYyo,-0.2678404450416565
CstNDziXkts,0.1588256061077118
9zin0bd1PJI,-0.07057224214076996
mh60Z8KC1Tw,0.33875784277915955
z9u1N1L8bKg,-1.1849976778030396
kfEXJA1j6js,0.07449954748153687
a0g35CBR2xg,-0.24910911917686462
TqcFZbNnKVU,-0.0008240044116973877
lhpbPD5xDU0,0.26321372389793396
TfybCOT2DKU,-0.3788880407810211
V79z1TlwluY,0.9746995568275452
6YJpfxZsKI0,-0.5759418606758118
drSiTwlvMxM,-0.1575009822845459
ghSTrCAIWtI,1.2055671215057373
qIZEXNQTQNc,0.2920765280723572
vJDu7ps_OKQ,0.15781880915164948
ir5--C5CdbY,-0.18768014013767242
WeYexZpch2w,0.4116290211677551
4E5P9mxQ4ho,1.0622053146362305
ItLrnVyOqyY,-1.1303229331970215
3rYR_FebEs0,0.23696410655975342
9Tq71PiDJDk,-0.14107994735240936
iGWrweDiMIs,0.14712326228618622
MWVJzKKVwzE,1.0572896003723145
0Kq0yXy173s,0.24616725742816925
Kwshg8mRSuQ,-0.052855443209409714
9wEiWZkhC4E,0.15588460862636566
YOoeuFDEyTA,0.32232728600502014
ThG1F4YYuh8,0.773385763168335
RJjob4rvyMM,-0.591989278793335
KZKUX0jiPYU,0.6861832737922668
-hU6B3RoPqA,-0.35293421149253845
RL3SsJmMupw,0.36873289942741394
8i1Is6yeXq4,0.8873850107192993
97de0dgqktU,1.025463342666626
BTBRb4eEV2Q,-0.3007035255432129
VrAWFzpxnMk,0.4649219214916229
UehipgcX5Bc,0.2536541521549225
4dsBLxqBtnE,1.0459600687026978
Z4Xi7Xm0oYQ,-0.8877597451210022
L6bJ4afmKh4,-0.44431769847869873
uyIR-2FkZds,-0.7748993635177612
VgJuL5kWHA4,-0.3234354257583618
86H5S0poQik,-0.24723803997039795
5sL7DAQ_5f0,0.23193877935409546
MLtsaVs0Jkw,0.29864510893821716
mSVTqaX38FM,-0.30214184522628784
PGgBCSVGysk,0.10194260627031326
wY9sq4zGeCo,0.10989139974117279
bdlo-HacJRI,0.3219073712825775
b260lt3c2ic,-0.6617005467414856
qzKICyYSXS0,-0.31824007630348206
7BVB88VigiM,-0.8713618516921997
GZpnUNbYxhI,0.30640915036201477
qLGzrqpexfc,-0.13460005819797516
3jzRS2XnG0U,0.6154497861862183
e-L9SCeg5Bc,-0.3451298773288727
dosf1NQ91YY,-0.1119583249092102
a8d7AP6Kuoo,0.44996586441993713
IavwOTceego,-1.5579495429992676
Uj-dJVfv93w,-0.6819717288017273
Ur0sG3jq2fU,0.27226513624191284
WpkfoyMpAEU,-0.19830602407455444
RlwGgz-u_Fc,-0.7594833970069885
8H2oc_c_wlQ,-0.6205236315727234
rPB4oLBvI2g,0.22889062762260437
OABFs5EUpIQ,-0.3104426860809326
df74HARC6Xk,0.4264794588088989
1HN9-AxfTN8,-0.5425177216529846
PcvHNbDPaK0,0.6749972105026245
imEuR8vfnsE,-0.2894103527069092
GB_VmldJps4,-0.6026840209960938
CWJrCDZFgLM,-0.7312579154968262
twtessW4e-Y,-0.7296969890594482
maAV3ynFzGI,0.08861619234085083
ScGaNgfubKE,-1.574657917022705
z3sJTWKTybM,0.8904318809509277
8BDB6ZqU2WU,-0.4032568633556366
KISk1ESP1l4,0.583522379398346
EeX5gKczmgA,0.46461692452430725
3mSvaOIfzTw,0.7839452624320984
BYno0HII7OM,-0.01819882169365883
yYB6_9IEBjU,0.030483897775411606
S3csTgPCDIY,1.0836187601089478
F_UMj2Isriw,0.06312891095876694
E4Qz7bu0XgU,-0.2560371160507202
0J9OVq6-AaA,-0.5993561148643494
goFw7lz4ATY,1.092211365699768
mrHoKUPHxG0,-1.0621271133422852
w5eVeE6DtoA,-0.14055979251861572
plaBtwJm0iQ,-0.447748601436615
YWX9sjqvB-c,0.6175413131713867
tL0havLQ7M4,0.3667813241481781
pSmW3u2psV8,0.14897452294826508
1KH8qdY4xP8,0.23974722623825073
ulj0L4o5U2E,-0.8263242244720459
2SGPY_oX0v0,0.015565192326903343
7nC7UmbqOyw,0.2243729829788208
uacbKXed3io,-0.2606736123561859
zXW1bhx_t_w,0.8138473033905029
-5f1v37rvNQ,0.4227396845817566
MRncHuwuCek,-0.8225496411323547
LEaAuHWA6Bw,-0.48865780234336853
qRE4RbK2Pws,0.3255419135093689
pYkbjWvZdjQ,-0.280093789100647
jNQbp1CADEw,0.19186899065971375
v20-YqNa2R4,-0.10747015476226807
t9SnMS6EqBc,-0.22660881280899048
uxADr24thLc,0.13066844642162323
Fp4oCMevTMg,0.2877030670642853
ZXNkLk4pe5w,-0.43903329968452454
rfQ5GS2WaxI,0.21743834018707275
3NxNohWyshc,-1.0169097185134888
s976cW_VIqs,0.1968986839056015
9yMqBS-BfcM,-0.3379532992839813
vELRIRHlkjg,-0.6897778511047363
LcocDzLdgas,-0.29171663522720337
IRsoBQVSh6o,-1.2597641944885254
RTbkV9QX1wc,0.1848406344652176
kJAxEpcZDeE,0.1890387088060379
sXPaMXUFn2Q,0.30165109038352966
CdpzThnHUa8,-0.6956634521484375
_CpspJkLmWU,-0.20076976716518402
uo4uBIRMaQg,1.8941255807876587
zHuBWgvA8Xo,0.9939884543418884
y-BMlDSDyfw,-0.25067880749702454
WlfVZSBTqbQ,1.509123682975769
8KQCSc9VTIs,-1.2970308065414429
I7Se_cqJGso,-0.32095640897750854
qOGvnoGX6sc,0.5244252681732178
v3eBVrdZWao,0.19248026609420776
Ir7QyjtPWQY,-0.706757664680481
D1g4TxGVKCo,-0.6704524755477905
UA986N8WErw,-0.16409644484519958
dpdMvdvMXDo,0.10010413080453873
NJ86IYTb4BI,1.7195066213607788
H5tRTPMB2vQ,0.5476254820823669
e9joggL_qUE,-0.3736845552921295
jTBjbiHkMBc,1.2867679595947266
72lrsIqKjMM,0.4280099868774414
NEnFHRd5pKU,-0.2635413706302643
S19uPw33c8s,0.3263367712497711
IhjSHGxupjQ,0.8721063137054443
FWJ1yD9775k,-1.0329687595367432
rUC8ZEgYl8k,0.2368423342704773
q2vuQeqJ2QA,0.029968108981847763
FkJ4oJ7dPMs,-0.15735377371311188
HJnxjDPZAmU,-0.2572670876979828
LPlmnXZhZmA,-0.03713739290833473
SfcPg2OCQgM,-0.08807197213172913
RVOhLjfwLCo,-0.5249583721160889
2hJOiWdosxM,-0.6145715713500977
PStGbP39De0,-0.28121891617774963
ZtHsFFExA-I,-0.4198898673057556
WCy_-CSQ8-0,-0.17420168220996857
dBu95Y1tu4s,-0.050927016884088516
_W9oPRmdfgY,-0.05432428792119026
cldX2cGVuxk,-0.34249335527420044
ldWRrXmxgBw,0.9814271330833435
IVTpozuCS_4,0.3543631136417389
NVVW0BaWGw8,-0.5103374719619751
I-4mDM-pKQc,-0.6276659369468689
1iaIkSqEMc8,-1.7262556552886963
KQz6tpD6-gk,0.1400042176246643
J73-WKYcFNY,-0.08152548968791962
Ask2MHU87Ac,0.5880663990974426
-e3GKDh99EU,-1.833951711654663
5arfZY7gYSk,-0.4035440981388092
HpUOEEiGXM8,-0.07934179902076721
wSZeiPhn7OQ,0.559658408164978
71rwv_LnNug,-1.0616986751556396
eJj_fOGj-AA,0.27425533533096313
RTheCJL7b1g,0.4320542812347412
65oCB3_FxZs,-0.14882388710975647
guy0K-90vYY,-0.42517074942588806
IOm4XUgUJes,-0.5035802125930786
J08d97fg_VE,-0.4397702217102051
2esQxB7CZMc,0.42315351963043213
vHO95NWFg_c,0.06447272002696991
FB9Prw5DoxU,0.10389748215675354
9glTIRrOyUs,-0.6470623016357422
H0VBFcPZaLI,-1.8738549947738647
drF0iA3bkAw,-0.01649824157357216
7W-UkNqqm3Y,-0.2427830994129181
X2jrJ9DlBns,0.48913663625717163
GHc-KVrF3GQ,-0.7421897649765015
LlDE-BFxKrg,0.8134907484054565
Hi8uyRtARbY,0.09191504120826721
MHYClRduSIg,-0.33070439100265503
v_BRTkExz2Q,-1.252031922340393
U3q3LCu9u0w,0.19455479085445404
45y_4h_xAhc,-0.3788388967514038
-2afSmhDpso,-0.4830450117588043
24RBtrQp4g4,0.724358320236206
R0KvwNbHkzg,0.14159223437309265
YIQlRdu3UNk,-0.48631057143211365
IULPNLjXRVM,0.017319660633802414
AAx32UAoxIk,-1.5790092945098877
MzhRYIXAKxI,0.27922144532203674
Q44moq7RKwE,-0.18235673010349274
GEUXA_voCpk,-0.09968461096286774
J_H3IZSjyM4,0.6865170001983643
3FMMWDaBUEs,0.8190423846244812
M-vjF-TwUfk,0.7663441300392151
qZYz_GN-hHo,0.5950062274932861
yb-QxVeYlYw,0.6299368739128113
uYWKQIWfmFw,-0.18568694591522217
bUqFG0JAuec,-0.5678082704544067
BB4F8t7i5rI,0.4328611195087433
9ojhLNlAkDA,-0.8672074675559998
cXm6AoPOHso,0.09957815706729889
oO92tFh7WYM,-0.2949892580509186
ADQ59xOXPZg,-0.33821767568588257
0uKolQhkSv8,-0.5137448906898499
iV5zLr78UDs,-0.24332639575004578
tdmyPzuMl94,-0.18976692855358124
VBps1IvCyj0,0.09931584447622299
C5G7JhnhaDE,-1.042245864868164
WRjCzqZCiJk,0.4599195718765259
35cqZoWMvgI,-0.3817872107028961
yzsLpyfRihI,0.9178374409675598
nXIdmW4Hau0,-1.1230757236480713
kxbjDoPzbH8,-0.8863067030906677
qWZTJMJTpwY,0.4409376084804535
hG5_Tji581Y,-0.36853763461112976
IdBNCeqsuTo,-1.2222288846969604
hVG3VZ_ZQEc,-0.8998364806175232
0ZKc1KUzZZ0,0.2644861936569214
IOKOEteGksk,-0.08133755624294281
o_R2RTpGuv4,-0.7432795166969299
rompda0PtRM,0.9298959374427795
TTwtD9lY6Tw,0.39242199063301086
3rw7vf0Vjg0,0.8843600153923035
lO5u0VM6VUI,0.4640462398529053
Lxqo5sZ_4NM,-0.41371893882751465
yDk3UyHoe-w,-0.12965108454227448
mz1-XAUGrUk,0.10163923352956772
XYPL0p2QFo8,0.1041288673877716
REuYvLkZtY0,0.08166806399822235
jdlQQVFjnR0,0.09594744443893433
L6sbL8WCqdw,-0.32466840744018555
riCBeWtUVQA,-0.13997580111026764
tG-wiWizGow,-0.0653894692659378
Vu_z-7C1AmQ,-0.0003926791250705719
3GnMeSWP9-8,-0.06571680307388306
ADCgloB0wko,-0.6236945986747742
w91ZU03un_s,1.2006654739379883
nedTLG3WeRw,-0.24959248304367065
5Z2q0aRQ9Dw,0.0728399008512497
FehDxYCF40c,-0.45863088965415955
FlALY_IJ7U8,-0.3138563930988312
60GAiixA9qE,-0.5961542725563049
X_IeLniMqKs,0.6594709157943726
XnUlffDc2ng,-2.4244725704193115
a0pK35B4E_w,0.05012435466051102
d8xKPx0xaBc,-1.078979730606079
M8hWmh1lMeY,-0.12161819636821747
FBQvsr17m70,-0.31901970505714417
KsLUCbVd_1g,0.1834389865398407
2-WDrk6rLOU,-0.6231056451797485
k1ws4n7ospA,1.5013755559921265
LlHFm6GzI4I,-0.9007568955421448
K_a4DTesVew,0.3973834216594696
bKsAtXAFQSU,0.9446009993553162
CwCPy2qVqwM,-0.09579658508300781
qMecKMitbyQ,1.3342068195343018
DHi8T-1xVJY,0.5478355288505554
xZxMJ1OHEt4,-1.0601089000701904
h21uHKTtB4o,-0.31673598289489746
nTq9HVeeAZ8,0.4825640022754669
kaCjLRdKbqA,-0.3221711218357086
SDsqbBzLxg8,0.5205740332603455
O96Ewhb0qyk,-0.36642783880233765
a_9ChBbaSoU,-0.5450134873390198
8fyjCygRaPc,-0.5458675622940063
Cj0_ub4f2SU,0.47575441002845764
NcXVwtsroQc,-1.2368372678756714
kOM2bc2Hs6U,-0.26645731925964355
lLyydo7OOjM,0.4939170181751251
feu61f45KPs,0.11755914986133575
iFJPgQdPAMo,0.9464913606643677
Z8IneX6rUkE,0.30172404646873474
VclQn9k03b8,0.7566766142845154
R1t9XsKjEOA,0.0004973076283931732
vANqBdopFqA,0.10413403064012527
sJO2YJMwZf0,0.858445942401886
jA7xPC2X1EI,-1.2028247117996216
wL5ZcHedY7k,0.6529752612113953
dxnLFArBLAQ,-1.9777309894561768
kFGgvCb9llU,-0.6733453273773193
TuLoe0MDBMY,-0.7475525736808777
AyGrtSqRHPw,-0.31667688488960266
R1JKldiLel8,-0.42638692259788513
dHMhvnGHqSI,-0.259849488735199
YJNRa3PZfG0,0.026380866765975952
xdfbvboYa2o,0.3751635253429413
6-SsceKw9F4,-0.15242575109004974
5q3TRdYLvZA,-0.9211925268173218
lcocBh71FI0,-0.10078512132167816
ExRnPL68AVM,-0.22148200869560242
FHhzEqkZ-d4,0.196766197681427
P4p17PGOFUw,-0.7466942667961121
pL3ysS98D9Y,0.2670862078666687
P1xUZWU4sh8,-0.22398528456687927
KjiZIYwlGU4,-0.34706398844718933
q4DKZKzsDQk,-0.10689510405063629
WD0xC5PwFmw,-0.5737812519073486
WhpvjA_ux7k,-0.004428345710039139
eoj5Qt9M0kk,-0.8946291208267212
Wno3QND45rQ,-0.6259860992431641
Om0fNxpOxqk,-1.2633687257766724
iz9b6HbECCc,0.17076830565929413
2VK2OiwttbE,0.4229993522167206
V6_9YnTDR-s,0.10758968442678452
ZkG7D5m9BwA,0.5599375367164612
7EP1dnaI2X8,-0.5665492415428162
X2S6PlLb6Ck,-0.6616402864456177
qc4turpDzWY,0.11279396712779999
xPsZivKTwWs,0.21902525424957275
RwuO_iCtOdQ,0.30329829454421997
s7btgwOqjw0,0.17651361227035522
bQEHUuqSnUY,-0.3199436664581299
hvvOXl9Ovq8,-0.8943032622337341
4OtWntxh5o0,-2.128164052963257
wLDjUJ4mryw,0.39686793088912964
OU2zNNEuBGo,0.5239612460136414
yQDTTivFFMI,0.0022025220096111298
uriRaJpcNdU,0.3830627501010895
rfX80sL2GcE,-0.2032853364944458
CZA0xTlH92g,0.4318171441555023
0AT73ltvtK0,0.22578707337379456
fAWQb1f4Xok,-0.2044166624546051
0JtZW1m1tfY,-2.065479040145874
HTCvkswrsWY,0.17473949491977692
vZO9uh5z47k,0.6801674365997314
oPn9Lp8ZO14,1.202881932258606
n4_Uf5LeEYg,1.1947791576385498
V-r6MuIRaI4,-0.3807573914527893
q8piPncUOwg,-1.8901536464691162
ZoBvoRc8GN0,-0.8201304078102112
wSgAOaTM8xo,-0.10055877268314362
CAw15UW_Zdk,0.3275976777076721
MbX2A2mPfUc,-0.19392162561416626
ZRVcM_yQ-UY,-0.3250892460346222
T_47A7Lnp3M,-0.004038836807012558
j3imQ8qbXMg,0.4896727502346039
QYKU4M2pMi8,0.06060335785150528
rHnlW8BVgF0,-0.3530122935771942
LoVKiaJxKMk,0.14971612393856049
leK6r5PeCzk,-0.27965494990348816
TwfErbNGREo,1.4951398372650146
Db15M-Tqt3o,0.05510321632027626
qikrazjqces,0.2290971428155899
89eIQ-otMnE,0.303758829832077
DP27wYPtC2s,-0.6479417681694031
NQrGZrOrCbo,0.6723021864891052
r4VJBztWuZQ,0.8126188516616821
YqciJi4GvpI,0.16070100665092468
43s48lvkmXs,0.5747693181037903
2qu9QuJp2UY,-0.2107677459716797
Ng6L-cA7FH8,-0.4840531051158905
uA9k5boVflY,0.44859278202056885
BvH23PWKEhA,0.7200769782066345
cou-VtDLxcs,-0.47569790482521057
4KH9Z5Qo2cA,1.201735258102417
k8G1Flc0SHo,-0.4517212212085724
5q2P0I71UI8,-0.2410925328731537
juihcV7roeo,0.10027550160884857
g7as71UaMLM,0.5745372176170349
TFLs2O0CMyM,0.604591429233551
0LN1AuhFQ5s,-0.32948124408721924
2AoulheUIWQ,-0.34359613060951233
XRdq_U_MZIQ,0.3367190659046173
6jTBRmWwuJg,-0.9475567936897278
nuzOnUMlzPM,-0.3786567151546478
CxcyTRkUi7M,0.8578506708145142
glLM9JCLSTY,-0.6998283267021179
OBECjv0xtM8,-1.8751636743545532
MHVQHaDFoF4,-0.23403406143188477
ScV7dBoxpZ0,0.4063979387283325
wVhjoK7KInk,0.43527162075042725
b7Ad_q__U-4,-0.5019769072532654
lmVQHwydk1Q,0.49953988194465637
CLy_PuWzgqU,-1.2519960403442383
uNwjX8lSTIo,0.0543835386633873
gR8GItkbjH8,-0.04300854727625847
DSxrwfGcDE4,-0.06967638432979584
s3QXfR7dzqk,-0.6658790111541748
rcIZDu24j6Y,-0.3459678590297699
2IE54Jee_EE,-0.5836140513420105
Z0FwhD_fibs,0.4945020079612732
Pgr83b2i2EA,0.216000035405159
prFuh_HpDp0,0.6691721081733704
hfOpTqzKG0k,0.5324397683143616
urEimH2VIpk,0.03693544492125511
PtFl0F52HVc,0.5350937247276306
8W33ZL2B8bI,-0.21635732054710388
NZPLlFBeeGQ,0.15194199979305267
aJEslTo_cms,-0.4855290949344635
DcyJbz7FxW4,-1.2887424230575562
U9Kh0lHA82Q,0.10145512223243713
eZRnJQlxmnw,0.14213664829730988
ty_RrYtPX9o,-0.8600785136222839
392f_RHcLN0,-0.23610612750053406
Hhn_qoluMLU,1.068156123161316
Sep92jos6OE,0.7617417573928833
7Hi5m4O7_Ck,0.16467393934726715
5aDrJ-TChn0,-0.19463622570037842
r2lizjHI-DI,-0.30034229159355164
Psz33rh7wPE,0.4586580991744995
P3njR0cWq8c,0.15171487629413605
1XifO2pFt6s,-0.8978505730628967
9Cv-NPTPmPo,0.27477195858955383
K3r3TKmWZkA,0.01082058995962143
wriplXiNiZA,0.335997074842453
vWbfQAWSIj4,-0.35917630791664124
SboMjJdsDTA,-0.583222508430481
oy7w4roX4h0,-0.6635202765464783
4TTwau9rupo,0.41359665989875793
BL0Lkj_vNgs,0.32146209478378296
80BKJxCXgZ0,0.8211617469787598
NMk-Rv4o2_s,-1.2394839525222778
CMDnycnfCOs,0.18839143216609955
XwhXcHzLVVU,-0.4666335880756378
44yYDX-tm9A,-0.2775452136993408
ixOXfuIakRU,-0.14724871516227722
tQPLUyzVC9E,-0.05644731596112251
UWiRmFJYiLw,-0.027740757912397385
y11dvNop-6U,-1.4018856287002563
6f04Jtkd_3c,0.3772721588611603
JmHRx3211OE,-0.08530014753341675
sIlAifDwnFk,-0.2549378573894501
ff1sZCGn6n4,-0.12124583125114441
roJ_c9mw4Vs,-0.29788994789123535
LVQ14EFFDwo,-1.0608211755752563
KrwpfCmzyYo,-0.500564455986023
e2SAcLi4HH4,-0.0921141654253006
9gBXgcgMEBs,-0.32027068734169006
XuhMd1aMMn8,-0.24819427728652954
reNVINJvYwU,-1.3340831995010376
v3L9i6wDUmU,0.02360454946756363
RYKI_r44_b4,-0.33456888794898987
_K98M-AvfgY,-0.5829220414161682
jyvD-Emrn_s,0.24570149183273315
EYRkVIzSxzE,1.0922532081604004
B5bMSRrKBi8,-0.4714191257953644
uavHLFg7maU,-0.31402313709259033
cU8LzwmPTfc,0.24488653242588043
8MR7bPcadBc,-0.1354946494102478
zd-T2EVTPVs,-0.18333347141742706
6psxz7MDZDA,0.732064962387085
6BWPxwXSqbM,0.1747375875711441
VozAqxUkHoA,-0.19215433299541473
OPfQLyjHmfc,-0.47513142228126526
vp0uM8HIu9Y,-0.15775826573371887
L5U4wCGHw44,-0.04270504042506218
2qc8UI3oOu4,-0.1839326173067093
sTtmpFIaFqc,-0.7806157469749451
pgAj2XPbsss,0.051253534853458405
iOrUuHnhoko,-0.989259660243988
6tW6Ou6d9KI,0.5648922920227051
4edTHV39DXo,-1.1848610639572144
qtCnNnaWZ-A,-0.7212089896202087
pO8xp-KRZp4,-1.4205601215362549
5KjnBOFamxY,-0.2919136881828308
gIF1ZC2RI4Q,-0.1565116047859192
4sZfN6DtnoM,0.0502282939851284
JPkgUFF6-4Q,-0.5255208611488342
AKjxDvcygoE,-0.358369380235672
8iIf9aQ5Iag,-0.659885048866272
V8vb6dtOssg,-0.4642428457736969
GL-vDUxel9E,-0.2548857629299164
eCYC38P7gDw,-0.20596906542778015
ciJiLNncHLc,-0.5287677645683289
tc8Q_3zFceE,-0.24228662252426147
-W_JQPC8-OE,0.2307279258966446
AlBZFVh_Z14,-0.19461393356323242
XHH0ptsrKqw,-0.4480348527431488
KjfLEM2PJfo,0.7989902496337891
jNcws-p08VU,-0.13207298517227173
sIqBKyyWNeg,0.19825223088264465
RGi1w-z2ono,0.2097449153661728
wIHx_to-S8g,0.2202487736940384
vXKzECf8oI4,0.2829870581626892
AiomcXzQjFk,-0.2604045867919922
Mvo3lfBGrOk,1.0409067869186401
7mbUzEPr4iM,-0.01946493610739708
lXIfau47eIw,0.18236112594604492
EP66VagdPiQ,0.02978861890733242
8xDuSOjcWsQ,0.35969990491867065
qLW2mXHSsP4,0.0007050223648548126
81HkFTxW-4s,-1.3016024827957153
kUZ9pcYZS80,0.33766424655914307
RywDTp38zw0,0.15616931021213531
8Bl-19kwtto,-0.4703303873538971
0qYgt36Uv2M,-0.3340374231338501
fN_RX0GwyEg,-0.2465316653251648
xR5-TwmBUao,-0.5039011240005493
SHW3rks_Z6g,-0.3486236333847046
wwSahDdZ3zU,0.1301499903202057
N8U5Vu8fH7A,-0.4034353792667389
vp2Xu_DLWQw,-0.8072320222854614
O1IS3PK_1jo,-0.46125754714012146
nzgiiI-hM38,-0.15625110268592834
u5uthubnrBk,0.9032220244407654
V7Snvh9SjKc,-0.10087282955646515
UbOro50pa4A,0.2058696150779724
eQiTp7X3dJo,0.7016213536262512
0YdiGPLSVKw,0.16352590918540955
IE8putkh-Ws,-0.6816110014915466
Hi5Qh1UgUik,0.1016135886311531
qTG5qs538tU,0.7807744741439819
TDTR-Cq4rWk,-1.6402409076690674
uMMiWNBnWPI,-0.6869906783103943
d0v6IrUXlaI,0.3237727880477905
Eafjf0RfoeA,0.10952946543693542
Xatj6vMej9Q,-0.4095049500465393
GhW-vN6TwUM,-0.15129555761814117
fKmv6Zb3te4,-0.15828698873519897
kpkd5FdxvGo,0.4131387174129486
HI60w0jDF98,-0.2948049306869507
-ooTgTBNbxM,-0.02277446910738945
vNLbKFocaCA,0.12454362213611603
EMn0dyQU8gM,0.8331785202026367
LhJZukruWYc,-0.2757079601287842
A85j4nVKWrg,-1.1659352779388428
TOQpGFxFHKo,0.21033762395381927
G2WW0PlKhjg,-0.18656043708324432
AqUQGG_8Iak,-0.853692889213562
Ge6FybZ9f50,-0.6161309480667114
hxh2e232U_g,-1.7890331745147705
B1qWIfoTjSI,0.2931945323944092
DqubJVHAxsg,0.6148912906646729
4uhuD55wEw8,0.16613683104515076
TpQYgwWtZvk,1.0865478515625
gWJHm0XAOA4,-0.220767080783844
uzxtJcZMD3U,-1.0583555698394775
fC1jN0CeFkc,0.8254872560501099
rU4wkxhE-6Y,0.12641999125480652
GWvLm6OTsfA,-0.37848418951034546
rCknJz8ff-c,-0.19049736857414246
fTx42RDoSjc,-0.2591496407985687
KLOpVk5I3Zg,-0.16475287079811096
XhnXdVyZtMM,0.7564216256141663
InEAFFnu8Ys,-0.04063280299305916
LQe63cIxORU,0.12727561593055725
XtzIdgPPHmM,0.35558298230171204
-gz9-I_iEbY,-1.3772307634353638
CrkvqrINe8s,0.22520330548286438
QUZWYAUTGNk,-0.019254963845014572
DGCWqyyCpLk,-0.689379096031189
dGyQ4Y53G-Q,0.5251157879829407
b5h6ie-bRJc,0.3842707872390747
mZ5WbMQBUoo,0.28548386693000793
VIDtU2kT7tU,0.02226044423878193
tPEVQ9VpJE4,-0.046705666929483414
pLnoAiAb4c0,-0.2687418758869171
WJnryD8O3h0,0.19119590520858765
g3SDlYGPX5g,0.5208383202552795
_ZhbkbZMQiU,0.17585845291614532
ne5zpHdHQsI,-0.535529613494873
eOP25WeHmxQ,-0.5369564294815063
hkGErBc-U1Q,1.0150495767593384
TsQ0oehV-SI,-0.27724123001098633
4_qlkV1p0B8,1.112357497215271
8btem4rJmOQ,0.07617722451686859
A6aB1c1GDu4,-0.1763906329870224
dKcg-cgEj40,-0.3246021568775177
tDU7oQ-M_fc,0.07193818688392639
pc946vNAbyI,-0.6552879214286804
-c56SJ6zFyQ,0.004439737647771835
Le59A7crSIY,0.4161510169506073
H3wkyHEZbQU,-0.1937677413225174
DnHd5sQITIE,0.15023934841156006
qA-KSg4P5Ig,0.3367370665073395
ExDjUm-jMtM,-0.17322058975696564
suTnapHqv3Q,-0.0448334626853466
0L1REcmh-os,1.0459015369415283
fK5eOvVd7wA,-1.604737639427185
-LTKPehE7CY,-0.01127704232931137
3CM-yBBsUEE,0.8570945262908936
DSe4J1z5IcM,-0.8258948922157288
4ReB0pvBLd0,0.09676042199134827
JbGjMPQgFtk,0.0013519376516342163
l_hcJl4fKXk,-0.02622222527861595
CxorqUQt2rM,1.6097208261489868
f7DuxignGYI,-0.39456579089164734
svEPVVBmLb4,-0.16983991861343384
e8fyu-sgAS8,-0.5009070038795471
1acO_RFlChI,0.49023959040641785
YupKtVVhyGE,0.18908454477787018
kPkxWRSuRxg,-0.05793319270014763
BmocltqxRak,-0.24450457096099854
LJHn_x5jcVE,0.09955557435750961
gcI8zNc-REI,0.6547642350196838
sm2VfvIwXK4,-0.1320386379957199
t1Fq41usRMc,-0.09199878573417664
fOvarbNDrvM,0.4246234893798828
gBLnIH2QnmA,-0.30419668555259705
aG7qFVFHifE,-0.7804763317108154
K5typGwzdBM,-1.02951180934906
1I-6iItG7D0,-0.5740918517112732
j2BGrMO-R3c,-0.5755372643470764
agWPVgYXnKk,0.8748372197151184
KQLZploj2KU,0.8265069723129272
CZNCKaqcr8c,0.3261183798313141
vXS7yPv-gNo,0.06627682596445084
__WuN9xLMRc,-0.11115765571594238
sM6dGqYGLhs,0.9931718707084656
w4CN-HXr0fQ,-0.45385292172431946
ZJfZrfEVGJ8,0.3234638571739197
YDZ8aE_5mh0,0.39090558886528015
sUxIaK8Krgc,0.2952530086040497
gzq0_dzxVGs,0.18734757602214813
GZKx6zHCs48,-0.42623844742774963
0tIqHApBoDg,1.134555697441101
99vxvKr3NZg,-0.4516674876213074
3ioJgKoL8Rw,-0.4679259955883026
AIdtDvFeRoc,-0.3254478871822357
8fG7XzpPQVo,0.8632515668869019
2TWGqkeSOTI,0.8881434202194214
6TOvpYl1fTc,0.8835299015045166
gWY0NX7_1bk,-0.1434202343225479
WNpJgqkXM2s,0.37680724263191223
mu1KHJRyOHE,0.14078925549983978
nKdua-mGI3Y,-0.16660138964653015
yrZM_bw_hbY,-0.43602219223976135
w0vgAFuiddI,0.6286837458610535
ZR5zA6K8h1E,-0.7949499487876892
hffM65Fhg48,0.5080864429473877
aZRfChviB2c,-1.503851294517517
MFR_TjWWUK8,0.16538789868354797
RL4Vg9Xw0js,0.7341166138648987
fvR_b9OTlRQ,0.007764104753732681
lHEpPNiigJ0,-0.35887008905410767
HqI_V8r8l28,-0.06804592907428741
6DuJaofEWU0,-0.06387270987033844
QDD80wzwgRU,-0.21710112690925598
tkH0Vae8tJk,-0.10091400146484375
nBK38skyGPE,0.51047682762146
JJKtu3tA2FQ,0.20909562706947327
gwvMcmwnbL4,0.16545577347278595
NiB8Yv9Y_Ks,-1.3392260074615479
LfwhcPdNeHc,-0.02961069718003273
vDrs_BFvZ3k,-0.41890865564346313
AX7iRad-ykE,0.7263698577880859
wBtYh17ImNg,-1.1099393367767334
k5zsBr0mz2c,-1.660516619682312
Y0PmT5VnBKs,0.03212884068489075
QXyR6cheDLU,-0.07523277401924133
XoJASwKgRMU,0.31367266178131104
f4BsJJRfCx4,0.2352759689092636
0uz0QfTlTVI,0.5017784833908081
j9MbarYYjow,-0.1865359991788864
c8E0oG1HwkA,-0.6986744999885559
